Coin,Quantity,Price (USD),Value (USD),Timestamp,Total Portfolio Value (USD)
axelar,140,0.629798,88.17172,2025-01-11 21:22:38,183.81172
any-inu,12000000,7.97e-06,95.64,2025-01-11 21:22:38,183.81172
axelar,140,0.619307,86.70298000000001,2025-01-11 23:25:38,179.70298000000005
any-inu,12000000,7.75e-06,93.0,2025-01-11 23:25:38,179.70298000000005
axelar,140,0.607605,85.06469999999999,2025-01-12 11:22:50,180.10469999999998
any-inu,12000000,7.92e-06,95.04,2025-01-12 11:22:50,180.10469999999998
axelar,140,0.602343,84.32802,2025-01-12 23:25:35,175.16802
any-inu,12000000,7.57e-06,90.84,2025-01-12 23:25:35,175.16802
axelar,140,0.552759,77.38626,2025-01-13 11:24:47,166.30626
any-inu,12000000,7.41e-06,88.92,2025-01-13 11:24:47,166.30626
axelar,140,0.593384,83.07376000000001,2025-01-13 23:25:13,168.75376
any-inu,12000000,7.14e-06,85.68,2025-01-13 23:25:13,168.75376
axelar,140,0.600968,84.13551999999999,2025-01-14 11:23:33,171.49552
any-inu,12000000,7.28e-06,87.36,2025-01-14 11:23:33,171.49552
axelar,140,0.613618,85.90652,2025-01-14 23:25:18,174.70652
any-inu,12000000,7.4e-06,88.8,2025-01-14 23:25:18,174.70652
axelar,140,0.59449,83.2286,2025-01-15 11:23:36,169.98860000000002
any-inu,12000000,7.23e-06,86.76,2025-01-15 11:23:36,169.98860000000002
axelar,140,0.660773,92.50822,2025-01-15 23:27:11,191.74822
any-inu,12000000,8.27e-06,99.24,2025-01-15 23:27:11,191.74822
axelar,140,0.642823,89.99522,2025-01-16 11:21:58,180.83522
any-inu,12000000,7.57e-06,90.84,2025-01-16 11:21:58,180.83522
axelar,140,0.642994,90.01916,2025-01-16 23:27:27,181.69916
any-inu,12000000,7.64e-06,91.68,2025-01-16 23:27:27,181.69916
axelar,140,0.70149,98.2086,2025-01-17 11:23:40,191.2086
any-inu,12000000,7.75e-06,93.0,2025-01-17 11:23:40,191.2086
axelar,140,0.729125,102.0775,2025-01-17 23:26:00,200.8375
any-inu,12000000,8.23e-06,98.76,2025-01-17 23:26:00,200.8375
axelar,140,0.656673,91.93422,2025-01-18 11:18:52,177.25421999999998
any-inu,12000000,7.11e-06,85.32,2025-01-18 11:18:52,177.25421999999998
axelar,140,0.657717,92.08038,2025-01-18 23:25:56,179.08038
any-inu,12000000,7.25e-06,87.0,2025-01-18 23:25:56,179.08038
axelar,140,0.603423,84.47922000000001,2025-01-19 11:18:59,162.11922
any-inu,12000000,6.47e-06,77.64,2025-01-19 11:18:59,162.11922
axelar,140,0.599087,83.87218,2025-01-19 23:24:04,153.59217999999998
any-inu,12000000,5.81e-06,69.72,2025-01-19 23:24:04,153.59217999999998
axelar,140,0.626959,87.77426000000001,2025-01-20 11:22:44,162.89426000000003
any-inu,12000000,6.26e-06,75.12,2025-01-20 11:22:44,162.89426000000003
axelar,140,0.607852,85.09928,2025-01-20 23:24:50,157.45927999999998
any-inu,12000000,6.03e-06,72.36,2025-01-20 23:24:50,157.45927999999998
axelar,140,0.603944,84.55216,2025-01-21 11:23:06,152.59215999999998
any-inu,12000000,5.67e-06,68.03999999999999,2025-01-21 11:23:06,152.59215999999998
axelar,140,0.614483,86.02762,2025-01-21 23:25:49,156.58762000000002
any-inu,12000000,5.88e-06,70.56,2025-01-21 23:25:49,156.58762000000002
axelar,140,0.606664,84.93296,2025-01-22 11:22:42,161.25296
any-inu,12000000,6.36e-06,76.32000000000001,2025-01-22 11:22:42,161.25296
axelar,140,0.594495,83.2293,2025-01-22 23:25:55,158.46929999999998
any-inu,12000000,6.27e-06,75.24,2025-01-22 23:25:55,158.46929999999998
axelar,140,0.581047,81.34658,2025-01-23 11:23:00,143.74658
any-inu,12000000,5.2e-06,62.400000000000006,2025-01-23 11:23:00,143.74658
axelar,140,0.603254,84.45555999999999,2025-01-23 23:25:57,148.53555999999998
any-inu,12000000,5.34e-06,64.08,2025-01-23 23:25:57,148.53555999999998
axelar,140,0.669776,93.76864,2025-01-24 11:22:52,155.44864
any-inu,12000000,5.14e-06,61.68,2025-01-24 11:22:52,155.44864
axelar,140,0.637683,89.27562,2025-01-24 23:25:21,150.59562
any-inu,12000000,5.11e-06,61.32,2025-01-24 23:25:21,150.59562
axelar,140,0.637408,89.23711999999999,2025-01-25 11:20:51,150.07711999999998
any-inu,12000000,5.07e-06,60.84,2025-01-25 11:20:51,150.07711999999998
axelar,140,0.638143,89.34002,2025-01-25 23:25:25,154.62002
any-inu,12000000,5.44e-06,65.28,2025-01-25 23:25:25,154.62002
axelar,140,0.641867,89.86138,2025-01-26 11:18:41,151.90138
any-inu,12000000,5.17e-06,62.03999999999999,2025-01-26 11:18:41,151.90138
axelar,140,0.609907,85.38698,2025-01-26 23:24:06,143.58697999999998
any-inu,12000000,4.85e-06,58.2,2025-01-26 23:24:06,143.58697999999998
axelar,140,0.560081,78.41134000000001,2025-01-27 11:23:19,130.73134000000002
any-inu,12000000,4.36e-06,52.32,2025-01-27 11:23:19,130.73134000000002
axelar,140,0.555939,77.83145999999999,2025-01-27 23:25:55,131.35145999999995
any-inu,12000000,4.46e-06,53.52,2025-01-27 23:25:55,131.35145999999995
axelar,140,0.55683,77.95620000000001,2025-01-28 11:22:32,130.8762
any-inu,12000000,4.41e-06,52.92,2025-01-28 11:22:32,130.8762
axelar,140,0.520026,72.80364,2025-01-28 23:25:17,126.32364
any-inu,12000000,4.46e-06,53.52,2025-01-28 23:25:17,126.32364
axelar,140,0.536335,75.0869,2025-01-29 11:22:04,129.5669
any-inu,12000000,4.54e-06,54.48,2025-01-29 11:22:04,129.5669
axelar,140,0.535719,75.00066,2025-01-29 23:25:47,126.72066
any-inu,12000000,4.31e-06,51.720000000000006,2025-01-29 23:25:47,126.72066
axelar,140,0.551138,77.15932000000001,2025-01-30 11:24:10,128.03932
any-inu,12000000,4.24e-06,50.88,2025-01-30 11:24:10,128.03932
axelar,140,0.55584,77.8176,2025-01-30 23:27:33,128.57760000000002
any-inu,12000000,4.23e-06,50.760000000000005,2025-01-30 23:27:33,128.57760000000002
axelar,140,0.562344,78.72815999999999,2025-01-31 11:22:36,129.48816
any-inu,12000000,4.23e-06,50.760000000000005,2025-01-31 11:22:36,129.48816
axelar,140,0.550456,77.06384,2025-01-31 23:25:36,126.50384
any-inu,12000000,4.12e-06,49.440000000000005,2025-01-31 23:25:36,126.50384
axelar,140,0.535427,74.95978,2025-02-01 11:18:47,119.95978
any-inu,12000000,3.75e-06,45.0,2025-02-01 11:18:47,119.95978
axelar,140,0.504087,70.57217999999999,2025-02-01 23:23:58,115.09217999999998
any-inu,12000000,3.71e-06,44.52,2025-02-01 23:23:58,115.09217999999998
axelar,140,0.490468,68.66552,2025-02-02 11:19:32,127.70552
any-inu,12000000,4.92e-06,59.040000000000006,2025-02-02 11:19:32,127.70552
axelar,140,0.427028,59.78392,2025-02-02 23:24:06,113.42392
any-inu,12000000,4.47e-06,53.64000000000001,2025-02-02 23:24:06,113.42392
axelar,140,0.39346,55.0844,2025-02-03 11:21:57,102.96439999999998
any-inu,12000000,3.99e-06,47.88,2025-02-03 11:21:57,102.96439999999998
axelar,140,0.448207,62.74898,2025-02-03 23:25:40,113.62898
any-inu,12000000,4.24e-06,50.88,2025-02-03 23:25:40,113.62898
axelar,140,0.416243,58.27401999999999,2025-02-04 11:22:49,107.47402
any-inu,12000000,4.1e-06,49.2,2025-02-04 11:22:49,107.47402
axelar,140,0.4236,59.304,2025-02-04 23:26:16,107.424
any-inu,12000000,4.01e-06,48.12,2025-02-04 23:26:16,107.424
axelar,140,0.424153,59.38142,2025-02-05 11:22:26,109.90142
any-inu,12000000,4.21e-06,50.52,2025-02-05 11:22:26,109.90142
axelar,140,0.413574,57.90036,2025-02-05 23:26:43,106.62036
any-inu,12000000,4.06e-06,48.72,2025-02-05 23:26:43,106.62036
axelar,140,0.403349,56.46886,2025-02-06 11:22:44,106.38886
any-inu,12000000,4.16e-06,49.92,2025-02-06 11:22:44,106.38886
axelar,140,0.382146,53.50044,2025-02-06 23:28:35,99.58044
any-inu,12000000,3.84e-06,46.08,2025-02-06 23:28:35,99.58044
axelar,140,0.408398,57.17572,2025-02-07 11:22:20,102.53572
any-inu,12000000,3.78e-06,45.36,2025-02-07 11:22:20,102.53572
axelar,140,0.391776,54.84864,2025-02-07 23:25:39,97.08864
any-inu,12000000,3.52e-06,42.24,2025-02-07 23:25:39,97.08864
axelar,140,0.392001,54.88014,2025-02-08 11:20:35,97.72014
any-inu,12000000,3.57e-06,42.84,2025-02-08 11:20:35,97.72014
axelar,140,0.434002,60.76028,2025-02-08 23:28:05,103.24028
any-inu,12000000,3.54e-06,42.48,2025-02-08 23:28:05,103.24028
axelar,140,0.433279,60.65906,2025-02-09 11:20:48,103.49906
any-inu,12000000,3.57e-06,42.84,2025-02-09 11:20:48,103.49906
axelar,140,0.429004,60.06056,2025-02-09 23:26:50,101.22056
any-inu,12000000,3.43e-06,41.16,2025-02-09 23:26:50,101.22056
axelar,140,0.437623,61.26722,2025-02-10 11:23:06,102.78722
any-inu,12000000,3.46e-06,41.52,2025-02-10 11:23:06,102.78722
axelar,140,0.440841,61.71774,2025-02-10 23:29:29,112.11774
any-inu,12000000,4.2e-06,50.4,2025-02-10 23:29:29,112.11774
axelar,140,0.472022,66.08308,2025-02-11 11:12:40,124.28308
any-inu,12000000,4.85e-06,58.2,2025-02-11 11:12:40,124.28308
axelar,140,0.447047,62.586580000000005,2025-02-11 23:14:21,127.50658
any-inu,12000000,5.41e-06,64.92,2025-02-11 23:14:21,127.50658
axelar,140,0.460341,64.44774,2025-02-12 11:12:34,121.56774
any-inu,12000000,4.76e-06,57.120000000000005,2025-02-12 11:12:34,121.56774
axelar,140,0.489965,68.5951,2025-02-12 23:12:56,129.1951
any-inu,12000000,5.05e-06,60.6,2025-02-12 23:12:56,129.1951
axelar,140,0.476739,66.74346,2025-02-13 11:12:06,122.42346
any-inu,12000000,4.64e-06,55.67999999999999,2025-02-13 11:12:06,122.42346
axelar,140,0.466114,65.25596,2025-02-13 23:14:22,122.13596
any-inu,12000000,4.74e-06,56.88,2025-02-13 23:14:22,122.13596
axelar,140,0.474825,66.4755,2025-02-14 11:11:57,114.1155
any-inu,12000000,3.97e-06,47.64,2025-02-14 11:11:57,114.1155
axelar,140,0.492263,68.91682,2025-02-14 23:13:35,114.39682
any-inu,12000000,3.79e-06,45.48,2025-02-14 23:13:35,114.39682
axelar,140,0.481148,67.36072,2025-02-15 11:10:49,111.76072
any-inu,12000000,3.7e-06,44.4,2025-02-15 11:10:49,111.76072
axelar,140,0.474011,66.36154,2025-02-15 23:12:40,109.08154
any-inu,12000000,3.56e-06,42.72,2025-02-15 23:12:40,109.08154
axelar,140,0.483813,67.73382,2025-02-16 11:11:29,110.93382
any-inu,12000000,3.6e-06,43.2,2025-02-16 11:11:29,110.93382
axelar,140,0.460623,64.48722000000001,2025-02-16 23:13:02,109.72722000000002
any-inu,12000000,3.77e-06,45.24,2025-02-16 23:13:02,109.72722000000002
axelar,140,0.470366,65.85124,2025-02-17 11:12:33,110.25124
any-inu,12000000,3.7e-06,44.4,2025-02-17 11:12:33,110.25124
axelar,140,0.472638,66.16932,2025-02-17 23:13:21,109.96932
any-inu,12000000,3.65e-06,43.8,2025-02-17 23:13:21,109.96932
axelar,140,0.445664,62.39296,2025-02-18 11:12:16,104.63296
any-inu,12000000,3.52e-06,42.24,2025-02-18 11:12:16,104.63296
axelar,140,0.442109,61.89525999999999,2025-02-18 23:13:36,103.53526
any-inu,12000000,3.47e-06,41.64,2025-02-18 23:13:36,103.53526
axelar,140,0.449832,62.97648,2025-02-19 11:12:19,106.17648
any-inu,12000000,3.6e-06,43.2,2025-02-19 11:12:19,106.17648
axelar,140,0.493251,69.05514,2025-02-19 23:13:43,110.69514
any-inu,12000000,3.47e-06,41.64,2025-02-19 23:13:43,110.69514
axelar,140,0.490696,68.69744,2025-02-20 11:12:20,107.09744
any-inu,12000000,3.2e-06,38.4,2025-02-20 11:12:20,107.09744
axelar,140,0.49093,68.7302,2025-02-20 23:14:25,109.0502
any-inu,12000000,3.36e-06,40.32,2025-02-20 23:14:25,109.0502
axelar,140,0.508046,71.12644,2025-02-21 11:12:06,111.32644
any-inu,12000000,3.35e-06,40.2,2025-02-21 11:12:06,111.32644
axelar,140,0.468868,65.64152,2025-02-21 23:14:59,103.80152
any-inu,12000000,3.18e-06,38.16,2025-02-21 23:14:59,103.80152
axelar,140,0.473228,66.25192,2025-02-22 11:10:46,107.05192
any-inu,12000000,3.4e-06,40.8,2025-02-22 11:10:46,107.05192
axelar,140,0.480597,67.28358,2025-02-22 23:12:38,109.88358
any-inu,12000000,3.55e-06,42.6,2025-02-22 23:12:38,109.88358
axelar,140,0.49723,69.6122,2025-02-23 11:11:41,110.8922
any-inu,12000000,3.44e-06,41.28,2025-02-23 11:11:41,110.8922
axelar,140,0.494729,69.26205999999999,2025-02-23 23:13:05,111.50206
any-inu,12000000,3.52e-06,42.24,2025-02-23 23:13:05,111.50206
axelar,140,0.468516,65.59224,2025-02-24 11:12:23,103.15224
any-inu,12000000,3.13e-06,37.56,2025-02-24 11:12:23,103.15224
axelar,140,0.431723,60.44122,2025-02-24 23:14:06,96.44122
any-inu,12000000,3e-06,36.0,2025-02-24 23:14:06,96.44122
axelar,140,0.416318,58.28452,2025-02-25 11:12:39,92.48452
any-inu,12000000,2.85e-06,34.2,2025-02-25 11:12:39,92.48452
axelar,140,0.439288,61.50032,2025-02-25 23:13:45,96.06032
any-inu,12000000,2.88e-06,34.56,2025-02-25 23:13:45,96.06032
axelar,140,0.439379,61.51306,2025-02-26 11:12:51,96.55306
any-inu,12000000,2.92e-06,35.04,2025-02-26 11:12:51,96.55306
axelar,140,0.430864,60.32096000000001,2025-02-26 23:14:29,94.52096
any-inu,12000000,2.85e-06,34.2,2025-02-26 23:14:29,94.52096
axelar,140,0.444499,62.22986,2025-02-27 11:12:31,98.58986
any-inu,12000000,3.03e-06,36.36,2025-02-27 11:12:31,98.58986
axelar,140,0.429876,60.18264,2025-02-27 23:14:28,96.30264
any-inu,12000000,3.01e-06,36.12,2025-02-27 23:14:28,96.30264
axelar,140,0.396176,55.46464,2025-02-28 11:12:27,88.34464
any-inu,12000000,2.74e-06,32.88,2025-02-28 11:12:27,88.34464
axelar,140,0.415973,58.23622,2025-02-28 23:13:31,94.35622
any-inu,12000000,3.01e-06,36.12,2025-02-28 23:13:31,94.35622
axelar,140,0.410572,57.48008,2025-03-01 11:11:19,94.44008
any-inu,12000000,3.08e-06,36.96,2025-03-01 11:11:19,94.44008
axelar,140,0.414615,58.0461,2025-03-01 23:15:06,93.9261
any-inu,12000000,2.99e-06,35.88,2025-03-01 23:15:06,93.9261
axelar,140,0.414492,58.02888,2025-03-02 11:12:12,94.14888
any-inu,12000000,3.01e-06,36.12,2025-03-02 11:12:12,94.14888
axelar,140,0.452874,63.40236,2025-03-02 23:13:34,104.32236
any-inu,12000000,3.41e-06,40.92,2025-03-02 23:13:34,104.32236
axelar,140,0.417693,58.47702,2025-03-03 11:13:06,97.83702
any-inu,12000000,3.28e-06,39.36,2025-03-03 11:13:06,97.83702
axelar,140,0.384922,53.88908,2025-03-03 23:14:12,88.08908
any-inu,12000000,2.85e-06,34.2,2025-03-03 23:14:12,88.08908
axelar,140,0.360318,50.44452,2025-03-04 11:12:42,84.16452000000001
any-inu,12000000,2.81e-06,33.72,2025-03-04 11:12:42,84.16452000000001
axelar,140,0.388648,54.41072,2025-03-04 23:14:03,88.61071999999999
any-inu,12000000,2.85e-06,34.2,2025-03-04 23:14:03,88.61071999999999
axelar,140,0.395485,55.3679,2025-03-05 11:12:42,91.0079
any-inu,12000000,2.97e-06,35.64,2025-03-05 11:12:42,91.0079
axelar,140,0.429579,60.14106,2025-03-05 23:14:56,94.34106
any-inu,12000000,2.85e-06,34.2,2025-03-05 23:14:56,94.34106
axelar,140,0.446458,62.50412,2025-03-06 11:12:34,98.50412
any-inu,12000000,3e-06,36.0,2025-03-06 11:12:34,98.50412
axelar,140,0.413651,57.91114,2025-03-06 23:14:35,94.87114
any-inu,12000000,3.08e-06,36.96,2025-03-06 23:14:35,94.87114
axelar,140,0.404406,56.61684,2025-03-07 11:12:26,92.85684
any-inu,12000000,3.02e-06,36.24,2025-03-07 11:12:26,92.85684
axelar,140,0.398099,55.73386,2025-03-07 23:12:01,90.77386
any-inu,12000000,2.92e-06,35.04,2025-03-07 23:12:01,90.77386
axelar,140,0.395782,55.40948,2025-03-08 11:11:00,90.20948
any-inu,12000000,2.9e-06,34.800000000000004,2025-03-08 11:11:00,90.20948
axelar,140,0.389799,54.57186,2025-03-08 23:12:50,89.49186
any-inu,12000000,2.91e-06,34.92,2025-03-08 23:12:50,89.49186
axelar,140,0.380658,53.29212,2025-03-09 11:11:13,87.97211999999999
any-inu,12000000,2.89e-06,34.68,2025-03-09 11:11:13,87.97211999999999
axelar,140,0.365631,51.18834,2025-03-09 23:11:37,83.70833999999999
any-inu,12000000,2.71e-06,32.52,2025-03-09 23:11:37,83.70833999999999
axelar,140,0.390994,54.73916,2025-03-10 11:10:50,88.69916
any-inu,12000000,2.83e-06,33.96,2025-03-10 11:10:50,88.69916
axelar,140,0.356789,49.95046000000001,2025-03-10 23:13:58,79.95046
any-inu,12000000,2.5e-06,30.000000000000004,2025-03-10 23:13:58,79.95046
axelar,140,0.359331,50.30634,2025-03-11 11:12:50,81.14634
any-inu,12000000,2.57e-06,30.84,2025-03-11 11:12:50,81.14634
axelar,140,0.374018,52.36252,2025-03-11 23:13:58,82.48252000000001
any-inu,12000000,2.51e-06,30.12,2025-03-11 23:13:58,82.48252000000001
axelar,140,0.373734,52.32276,2025-03-12 11:12:45,81.84276
any-inu,12000000,2.46e-06,29.520000000000003,2025-03-12 11:12:45,81.84276
axelar,140,0.374407,52.41698,2025-03-12 23:14:42,82.17697999999999
any-inu,12000000,2.48e-06,29.76,2025-03-12 23:14:42,82.17697999999999
axelar,140,0.365743,51.20402,2025-03-13 11:13:02,81.80402000000001
any-inu,12000000,2.55e-06,30.6,2025-03-13 11:13:02,81.80402000000001
axelar,140,0.363885,50.9439,2025-03-13 23:14:16,80.9439
any-inu,12000000,2.5e-06,30.000000000000004,2025-03-13 23:14:16,80.9439
axelar,140,0.368624,51.60736,2025-03-14 11:12:54,81.72736
any-inu,12000000,2.51e-06,30.12,2025-03-14 11:12:54,81.72736
axelar,140,0.372973,52.21622,2025-03-14 23:14:25,83.65621999999999
any-inu,12000000,2.62e-06,31.44,2025-03-14 23:14:25,83.65621999999999
axelar,140,0.397457,55.64398,2025-03-15 11:11:08,88.16398
any-inu,12000000,2.71e-06,32.52,2025-03-15 11:11:08,88.16398
axelar,140,0.411793,57.65102,2025-03-15 23:13:11,89.45102
any-inu,12000000,2.65e-06,31.8,2025-03-15 23:13:11,89.45102
axelar,140,0.4006,56.084,2025-03-16 11:13:06,87.644
any-inu,12000000,2.63e-06,31.56,2025-03-16 11:13:06,87.644
axelar,140,0.395542,55.37588,2025-03-16 23:14:10,86.33588
any-inu,12000000,2.58e-06,30.96,2025-03-16 23:14:10,86.33588
axelar,140,0.409176,57.28464,2025-03-17 11:12:54,87.88463999999999
any-inu,12000000,2.55e-06,30.6,2025-03-17 11:12:54,87.88463999999999
axelar,140,0.406401,56.89614,2025-03-17 23:14:29,87.73614
any-inu,12000000,2.57e-06,30.84,2025-03-17 23:14:29,87.73614
axelar,140,0.401558,56.218120000000006,2025-03-18 11:12:54,86.69812
any-inu,12000000,2.54e-06,30.48,2025-03-18 11:12:54,86.69812
axelar,140,0.39719,55.6066,2025-03-18 23:14:13,85.1266
any-inu,12000000,2.46e-06,29.520000000000003,2025-03-18 23:14:13,85.1266
axelar,140,0.398601,55.80414,2025-03-19 11:13:08,85.68414
any-inu,12000000,2.49e-06,29.88,2025-03-19 11:13:08,85.68414
axelar,140,0.404073,56.57022,2025-03-19 23:15:32,87.41022
any-inu,12000000,2.57e-06,30.84,2025-03-19 23:15:32,87.41022
axelar,140,0.395881,55.42334,2025-03-20 11:12:58,85.42334
any-inu,12000000,2.5e-06,30.000000000000004,2025-03-20 11:12:58,85.42334
axelar,140,0.399286,55.90004,2025-03-20 23:14:29,90.10004
any-inu,12000000,2.85e-06,34.2,2025-03-20 23:14:29,90.10004
axelar,140,0.391708,54.83912,2025-03-21 11:13:13,87.95912
any-inu,12000000,2.76e-06,33.12,2025-03-21 11:13:13,87.95912
axelar,140,0.404673,56.65422,2025-03-21 23:14:06,89.05422
any-inu,12000000,2.7e-06,32.4,2025-03-21 23:14:06,89.05422
axelar,140,0.421534,59.01476,2025-03-22 11:12:31,90.93476
any-inu,12000000,2.66e-06,31.92,2025-03-22 11:12:31,90.93476
axelar,140,0.41517,58.1238,2025-03-22 23:14:10,89.68379999999999
any-inu,12000000,2.63e-06,31.56,2025-03-22 23:14:10,89.68379999999999
axelar,140,0.436195,61.0673,2025-03-23 11:12:45,90.8273
any-inu,12000000,2.48e-06,29.76,2025-03-23 11:12:45,90.8273
axelar,140,0.420126,58.81764,2025-03-23 23:13:29,89.89764
any-inu,12000000,2.59e-06,31.08,2025-03-23 23:13:29,89.89764
axelar,140,0.428398,59.97572,2025-03-24 11:13:17,95.61572
any-inu,12000000,2.97e-06,35.64,2025-03-24 11:13:17,95.61572
axelar,140,0.417977,58.51678,2025-03-24 23:15:50,95.11678
any-inu,12000000,3.05e-06,36.6,2025-03-24 23:15:50,95.11678
axelar,140,0.417296,58.42144,2025-03-25 11:13:12,94.06144
any-inu,12000000,2.97e-06,35.64,2025-03-25 11:13:12,94.06144
axelar,140,0.438665,61.41310000000001,2025-03-25 23:14:13,97.0531
any-inu,12000000,2.97e-06,35.64,2025-03-25 23:14:13,97.0531
axelar,140,0.445462,62.36468000000001,2025-03-26 11:13:02,97.16468
any-inu,12000000,2.9e-06,34.800000000000004,2025-03-26 11:13:02,97.16468
axelar,140,0.422178,59.10492,2025-03-26 23:15:02,92.70492
any-inu,12000000,2.8e-06,33.6,2025-03-26 23:15:02,92.70492
axelar,140,0.423927,59.34978,2025-03-27 11:13:03,95.22978
any-inu,12000000,2.99e-06,35.88,2025-03-27 11:13:03,95.22978
axelar,140,0.416177,58.26478,2025-03-27 23:14:59,93.30478
any-inu,12000000,2.92e-06,35.04,2025-03-27 23:14:59,93.30478
axelar,140,0.401493,56.20902,2025-03-28 11:12:55,90.64902
any-inu,12000000,2.87e-06,34.44,2025-03-28 11:12:55,90.64902
axelar,140,0.392583,54.96162,2025-03-28 23:14:42,89.64162
any-inu,12000000,2.89e-06,34.68,2025-03-28 23:14:42,89.64162
axelar,140,0.372499,52.14986,2025-03-29 11:12:44,85.62986000000001
any-inu,12000000,2.79e-06,33.48,2025-03-29 11:12:44,85.62986000000001
axelar,140,0.367635,51.4689,2025-03-29 23:13:27,83.8689
any-inu,12000000,2.7e-06,32.4,2025-03-29 23:13:27,83.8689
axelar,140,0.377716,52.88024,2025-03-30 11:12:36,86.12024
any-inu,12000000,2.77e-06,33.24,2025-03-30 11:12:36,86.12024
axelar,140,0.368627,51.60778,2025-03-30 23:14:55,84.72778
any-inu,12000000,2.76e-06,33.12,2025-03-30 23:14:55,84.72778
axelar,140,0.361954,50.67356,2025-03-31 11:13:11,81.87356
any-inu,12000000,2.6e-06,31.200000000000003,2025-03-31 11:13:11,81.87356
axelar,140,0.366195,51.2673,2025-03-31 23:14:36,84.62729999999999
any-inu,12000000,2.78e-06,33.36,2025-03-31 23:14:36,84.62729999999999
axelar,140,0.375699,52.59786,2025-04-01 11:13:30,89.31786
any-inu,12000000,3.06e-06,36.72,2025-04-01 11:13:30,89.31786
axelar,140,0.370401,51.85614,2025-04-01 23:14:46,89.29614000000001
any-inu,12000000,3.12e-06,37.440000000000005,2025-04-01 23:14:46,89.29614000000001
axelar,140,0.362972,50.81608,2025-04-02 11:13:07,87.41608
any-inu,12000000,3.05e-06,36.6,2025-04-02 11:13:07,87.41608
axelar,140,0.338171,47.34394,2025-04-02 23:14:25,79.98394
any-inu,12000000,2.72e-06,32.64,2025-04-02 23:14:25,79.98394
axelar,140,0.33919,47.4866,2025-04-03 11:14:00,79.88659999999999
any-inu,12000000,2.7e-06,32.4,2025-04-03 11:14:00,79.88659999999999
axelar,140,0.345981,48.43734,2025-04-03 23:16:26,78.91734
any-inu,12000000,2.54e-06,30.48,2025-04-03 23:16:26,78.91734
axelar,140,0.339294,47.50116,2025-04-04 11:13:52,80.26115999999999
any-inu,12000000,2.73e-06,32.76,2025-04-04 11:13:52,80.26115999999999
axelar,140,0.350403,49.05642,2025-04-04 23:14:30,81.09642
any-inu,12000000,2.67e-06,32.04,2025-04-04 23:14:30,81.09642
axelar,140,0.344812,48.27368,2025-04-05 11:12:07,80.19368
any-inu,12000000,2.66e-06,31.92,2025-04-05 11:12:07,80.19368
axelar,140,0.338164,47.342960000000005,2025-04-05 23:15:45,79.14296
any-inu,12000000,2.65e-06,31.8,2025-04-05 23:15:45,79.14296
axelar,140,0.333482,46.68748,2025-04-06 11:11:49,78.36748
any-inu,12000000,2.64e-06,31.680000000000003,2025-04-06 11:11:49,78.36748
axelar,140,0.30219,42.3066,2025-04-06 23:13:56,68.3466
any-inu,12000000,2.17e-06,26.04,2025-04-06 23:13:56,68.3466
axelar,140,0.28603,40.0442,2025-04-07 11:13:25,61.4042
any-inu,12000000,1.78e-06,21.36,2025-04-07 11:13:25,61.4042
axelar,140,0.316002,44.24028,2025-04-07 23:15:44,68.60028
any-inu,12000000,2.03e-06,24.36,2025-04-07 23:15:44,68.60028
axelar,140,0.327017,45.78238,2025-04-08 11:13:13,70.74238
any-inu,12000000,2.08e-06,24.96,2025-04-08 11:13:13,70.74238
axelar,140,0.296783,41.54962,2025-04-08 23:14:42,65.42962
any-inu,12000000,1.99e-06,23.88,2025-04-08 23:14:42,65.42962
axelar,140,0.296148,41.46072,2025-04-09 11:13:27,65.10072000000001
any-inu,12000000,1.97e-06,23.640000000000004,2025-04-09 11:13:27,65.10072000000001
axelar,140,0.329191,46.08674,2025-04-09 23:14:31,72.36674
any-inu,12000000,2.19e-06,26.28,2025-04-09 23:14:31,72.36674
axelar,140,0.302942,42.41188,2025-04-10 11:13:35,67.73187999999999
any-inu,12000000,2.11e-06,25.32,2025-04-10 11:13:35,67.73187999999999
axelar,140,0.299325,41.9055,2025-04-10 23:15:30,66.6255
any-inu,12000000,2.06e-06,24.72,2025-04-10 23:15:30,66.6255
axelar,140,0.308347,43.16858,2025-04-11 11:13:01,68.00858
any-inu,12000000,2.07e-06,24.84,2025-04-11 11:13:01,68.00858
axelar,140,0.3137,43.918,2025-04-11 23:14:39,69.358
any-inu,12000000,2.12e-06,25.44,2025-04-11 23:14:39,69.358
axelar,140,0.320201,44.828140000000005,2025-04-12 11:11:26,69.66814000000001
any-inu,12000000,2.07e-06,24.84,2025-04-12 11:11:26,69.66814000000001
axelar,140,0.325135,45.5189,2025-04-12 23:14:28,71.91890000000001
any-inu,12000000,2.2e-06,26.4,2025-04-12 23:14:28,71.91890000000001
axelar,140,0.32394,45.3516,2025-04-13 11:11:43,71.7516
any-inu,12000000,2.2e-06,26.4,2025-04-13 11:11:43,71.7516
axelar,140,0.304435,42.6209,2025-04-13 23:15:52,68.90090000000001
any-inu,12000000,2.19e-06,26.28,2025-04-13 23:15:52,68.90090000000001
axelar,140,0.314172,43.98408,2025-04-14 11:13:18,69.90408
any-inu,12000000,2.16e-06,25.92,2025-04-14 11:13:18,69.90408
axelar,140,0.306342,42.88788,2025-04-14 23:14:44,69.04788
any-inu,12000000,2.18e-06,26.16,2025-04-14 23:14:44,69.04788
axelar,140,0.305902,42.82628,2025-04-15 11:13:13,67.90628000000001
any-inu,12000000,2.09e-06,25.08,2025-04-15 11:13:13,67.90628000000001
axelar,140,0.295703,41.39842,2025-04-15 23:15:10,65.99842
any-inu,12000000,2.05e-06,24.6,2025-04-15 23:15:10,65.99842
axelar,140,0.293588,41.10232,2025-04-16 11:13:16,65.34232
any-inu,12000000,2.02e-06,24.24,2025-04-16 11:13:16,65.34232
axelar,140,0.289633,40.54862,2025-04-16 23:14:45,64.66862
any-inu,12000000,2.01e-06,24.12,2025-04-16 23:14:45,64.66862
axelar,140,0.287205,40.2087,2025-04-17 11:12:57,66.0087
any-inu,12000000,2.15e-06,25.8,2025-04-17 11:12:57,66.0087
axelar,140,0.287286,40.22004,2025-04-17 23:14:50,64.94004
any-inu,12000000,2.06e-06,24.72,2025-04-17 23:14:50,64.94004
axelar,140,0.293827,41.13578,2025-04-18 11:12:46,67.17578
any-inu,12000000,2.17e-06,26.04,2025-04-18 11:12:46,67.17578
axelar,140,0.286661,40.13254,2025-04-18 23:14:46,66.65254
any-inu,12000000,2.21e-06,26.52,2025-04-18 23:14:46,66.65254
axelar,140,0.293436,41.08104,2025-04-19 11:12:48,66.64103999999999
any-inu,12000000,2.13e-06,25.56,2025-04-19 11:12:48,66.64103999999999
axelar,140,0.29861,41.8054,2025-04-19 23:15:53,66.8854
any-inu,12000000,2.09e-06,25.08,2025-04-19 23:15:53,66.8854
axelar,140,0.293725,41.121500000000005,2025-04-20 11:12:41,67.8815
any-inu,12000000,2.23e-06,26.76,2025-04-20 11:12:41,67.8815
axelar,140,0.296689,41.53646,2025-04-20 23:14:06,68.29646
any-inu,12000000,2.23e-06,26.76,2025-04-20 23:14:06,68.29646
axelar,140,0.307205,43.0087,2025-04-21 11:13:06,69.4087
any-inu,12000000,2.2e-06,26.4,2025-04-21 11:13:06,69.4087
axelar,140,0.303385,42.4739,2025-04-21 23:14:28,68.7539
any-inu,12000000,2.19e-06,26.28,2025-04-21 23:14:28,68.7539
axelar,140,0.306937,42.97118,2025-04-22 11:13:43,69.73118
any-inu,12000000,2.23e-06,26.76,2025-04-22 11:13:43,69.73118
axelar,140,0.321247,44.97458,2025-04-22 23:14:23,72.57458
any-inu,12000000,2.3e-06,27.6,2025-04-22 23:14:23,72.57458
axelar,140,0.332538,46.55532,2025-04-23 11:13:54,75.83532
any-inu,12000000,2.44e-06,29.28,2025-04-23 11:13:54,75.83532
axelar,140,0.329919,46.188660000000006,2025-04-23 23:15:22,74.02866
any-inu,12000000,2.32e-06,27.84,2025-04-23 23:15:22,74.02866
axelar,140,0.323357,45.26998,2025-04-24 11:13:25,72.98998
any-inu,12000000,2.31e-06,27.72,2025-04-24 11:13:25,72.98998
axelar,140,0.342499,47.94986,2025-04-24 23:15:01,77.10986
any-inu,12000000,2.43e-06,29.16,2025-04-24 23:15:01,77.10986
axelar,140,0.374538,52.43532,2025-04-25 11:13:06,80.63532
any-inu,12000000,2.35e-06,28.2,2025-04-25 11:13:06,80.63532
axelar,140,0.359992,50.39888,2025-04-25 23:14:38,80.03888
any-inu,12000000,2.47e-06,29.64,2025-04-25 23:14:38,80.03888
axelar,140,0.367059,51.38826,2025-04-26 11:11:56,80.18826
any-inu,12000000,2.4e-06,28.8,2025-04-26 11:11:56,80.18826
axelar,140,0.376495,52.709300000000006,2025-04-26 23:14:16,81.5093
any-inu,12000000,2.4e-06,28.8,2025-04-26 23:14:16,81.5093
axelar,140,0.371199,51.96786,2025-04-27 11:11:48,81.48786000000001
any-inu,12000000,2.46e-06,29.520000000000003,2025-04-27 11:11:48,81.48786000000001
axelar,140,0.35511,49.7154,2025-04-27 23:14:49,79.5954
any-inu,12000000,2.49e-06,29.88,2025-04-27 23:14:49,79.5954
axelar,140,0.373939,52.35146,2025-04-28 11:34:04,82.35146
any-inu,12000000,2.5e-06,30.000000000000004,2025-04-28 11:34:04,82.35146
axelar,140,0.367399,51.43586,2025-04-28 23:14:53,79.75586
any-inu,12000000,2.36e-06,28.32,2025-04-28 23:14:53,79.75586
axelar,140,0.373386,52.27404,2025-04-29 11:13:42,81.43404
any-inu,12000000,2.43e-06,29.16,2025-04-29 11:13:42,81.43404
axelar,140,0.383679,53.71506,2025-04-29 23:14:56,81.19506
any-inu,12000000,2.29e-06,27.48,2025-04-29 23:14:56,81.19506
axelar,140,0.389769,54.56766,2025-04-30 11:13:21,83.36766
any-inu,12000000,2.4e-06,28.8,2025-04-30 11:13:21,83.36766
axelar,140,0.377074,52.79036,2025-04-30 23:15:19,80.99036
any-inu,12000000,2.35e-06,28.2,2025-04-30 23:15:19,80.99036
axelar,140,0.395101,55.31414,2025-05-01 11:13:15,83.75413999999999
any-inu,12000000,2.37e-06,28.44,2025-05-01 11:13:15,83.75413999999999
axelar,140,0.392334,54.92676,2025-05-01 23:15:18,83.84676
any-inu,12000000,2.41e-06,28.92,2025-05-01 23:15:18,83.84676
axelar,140,0.382617,53.56638,2025-05-02 11:13:20,82.84638
any-inu,12000000,2.44e-06,29.28,2025-05-02 11:13:20,82.84638
axelar,140,0.373911,52.34754,2025-05-02 23:14:50,82.22754
any-inu,12000000,2.49e-06,29.88,2025-05-02 23:14:50,82.22754
axelar,140,0.359748,50.36472,2025-05-03 11:12:38,78.20472
any-inu,12000000,2.32e-06,27.84,2025-05-03 11:12:38,78.20472
axelar,140,0.360249,50.43486,2025-05-03 23:14:22,78.27485999999999
any-inu,12000000,2.32e-06,27.84,2025-05-03 23:14:22,78.27485999999999
axelar,140,0.3571,49.994,2025-05-04 11:12:19,79.75399999999999
any-inu,12000000,2.48e-06,29.76,2025-05-04 11:12:19,79.75399999999999
axelar,140,0.351172,49.16408,2025-05-04 23:14:49,77.84407999999999
any-inu,12000000,2.39e-06,28.68,2025-05-04 23:14:49,77.84407999999999
axelar,140,0.355356,49.74984,2025-05-05 11:13:43,78.54983999999999
any-inu,12000000,2.4e-06,28.8,2025-05-05 11:13:43,78.54983999999999
axelar,140,0.354747,49.66458,2025-05-05 23:15:04,78.70457999999999
any-inu,12000000,2.42e-06,29.040000000000003,2025-05-05 23:15:04,78.70457999999999
axelar,140,0.342781,47.98934,2025-05-06 11:13:53,76.18934
any-inu,12000000,2.35e-06,28.2,2025-05-06 11:13:53,76.18934
axelar,140,0.341857,47.85998,2025-05-06 23:14:43,75.93998
any-inu,12000000,2.34e-06,28.08,2025-05-06 23:14:43,75.93998
axelar,140,0.365744,51.20416,2025-05-07 11:14:19,78.44416
any-inu,12000000,2.27e-06,27.24,2025-05-07 11:14:19,78.44416
axelar,140,0.370919,51.92866,2025-05-07 23:15:16,79.64866
any-inu,12000000,2.31e-06,27.72,2025-05-07 23:15:16,79.64866
axelar,140,0.382998,53.61972,2025-05-08 11:13:47,81.81972
any-inu,12000000,2.35e-06,28.2,2025-05-08 11:13:47,81.81972
axelar,140,0.400803,56.11242,2025-05-08 23:15:47,89.23241999999999
any-inu,12000000,2.76e-06,33.12,2025-05-08 23:15:47,89.23241999999999
axelar,140,0.392802,54.99228,2025-05-09 11:13:08,89.79228
any-inu,12000000,2.9e-06,34.800000000000004,2025-05-09 11:13:08,89.79228
axelar,140,0.406712,56.93968,2025-05-09 23:14:38,92.45968
any-inu,12000000,2.96e-06,35.52,2025-05-09 23:14:38,92.45968
axelar,140,0.413763,57.92682,2025-05-10 11:13:08,93.56682
any-inu,12000000,2.97e-06,35.64,2025-05-10 11:13:08,93.56682
axelar,140,0.442557,61.95798,2025-05-10 23:14:15,98.43798
any-inu,12000000,3.04e-06,36.48,2025-05-10 23:14:15,98.43798
axelar,140,0.429613,60.14582,2025-05-11 11:12:01,94.58582
any-inu,12000000,2.87e-06,34.44,2025-05-11 11:12:01,94.58582
axelar,140,0.417038,58.38532,2025-05-11 23:14:28,93.42532
any-inu,12000000,2.92e-06,35.04,2025-05-11 23:14:28,93.42532
axelar,140,0.427958,59.91412,2025-05-12 11:13:57,95.91412
any-inu,12000000,3e-06,36.0,2025-05-12 11:13:57,95.91412
axelar,140,0.416992,58.37888,2025-05-12 23:15:17,94.61888
any-inu,12000000,3.02e-06,36.24,2025-05-12 23:15:17,94.61888
axelar,140,0.402911,56.40754,2025-05-13 11:14:13,92.64754
any-inu,12000000,3.02e-06,36.24,2025-05-13 11:14:13,92.64754
axelar,140,0.424872,59.48208,2025-05-13 23:15:28,96.92208
any-inu,12000000,3.12e-06,37.440000000000005,2025-05-13 23:15:28,96.92208
axelar,140,0.414684,58.05576,2025-05-14 11:13:54,94.65576
any-inu,12000000,3.05e-06,36.6,2025-05-14 11:13:54,94.65576
axelar,140,0.404806,56.67284,2025-05-14 23:14:27,93.63284
any-inu,12000000,3.08e-06,36.96,2025-05-14 23:14:27,93.63284
axelar,140,0.38358,53.7012,2025-05-15 11:14:02,89.7012
any-inu,12000000,3e-06,36.0,2025-05-15 11:14:02,89.7012
axelar,140,0.388608,54.40512,2025-05-15 23:15:33,89.08512
any-inu,12000000,2.89e-06,34.68,2025-05-15 23:15:33,89.08512
axelar,140,0.392727,54.98178,2025-05-16 11:13:55,90.86178
any-inu,12000000,2.99e-06,35.88,2025-05-16 11:13:55,90.86178
axelar,140,0.374473,52.42622,2025-05-16 23:15:10,87.94622000000001
any-inu,12000000,2.96e-06,35.52,2025-05-16 23:15:10,87.94622000000001
axelar,140,0.375445,52.56229999999999,2025-05-17 11:12:35,86.16229999999999
any-inu,12000000,2.8e-06,33.6,2025-05-17 11:12:35,86.16229999999999
axelar,140,0.370173,51.82422,2025-05-17 23:14:37,84.34421999999999
any-inu,12000000,2.71e-06,32.52,2025-05-17 23:14:37,84.34421999999999
axelar,140,0.384452,53.82328,2025-05-18 11:12:28,86.58328
any-inu,12000000,2.73e-06,32.76,2025-05-18 11:12:28,86.58328
axelar,140,0.382806,53.59284,2025-05-18 23:14:54,85.75283999999999
any-inu,12000000,2.68e-06,32.160000000000004,2025-05-18 23:14:54,85.75283999999999
axelar,140,0.364091,50.97274,2025-05-19 11:14:16,84.93274
any-inu,12000000,2.83e-06,33.96,2025-05-19 11:14:16,84.93274
axelar,140,0.367637,51.46918,2025-05-19 23:15:05,84.58918
any-inu,12000000,2.76e-06,33.12,2025-05-19 23:15:05,84.58918
axelar,140,0.368773,51.62822,2025-05-20 11:14:10,85.34822
any-inu,12000000,2.81e-06,33.72,2025-05-20 11:14:10,85.34822
axelar,140,0.376679,52.73506,2025-05-20 23:14:56,86.57506000000001
any-inu,12000000,2.82e-06,33.84,2025-05-20 23:14:56,86.57506000000001
axelar,140,0.374246,52.39444,2025-05-21 11:13:53,86.47444
any-inu,12000000,2.84e-06,34.08,2025-05-21 11:13:53,86.47444
axelar,140,0.376764,52.74696,2025-05-21 23:15:13,87.66696
any-inu,12000000,2.91e-06,34.92,2025-05-21 23:15:13,87.66696
axelar,140,0.390336,54.64704,2025-05-22 11:14:28,91.72704
any-inu,12000000,3.09e-06,37.08,2025-05-22 11:14:28,91.72704
axelar,140,0.384712,53.85968,2025-05-22 23:15:19,90.81968
any-inu,12000000,3.08e-06,36.96,2025-05-22 23:15:19,90.81968
axelar,140,0.394989,55.29846,2025-05-23 11:13:38,91.65846
any-inu,12000000,3.03e-06,36.36,2025-05-23 11:13:38,91.65846
axelar,140,0.362987,50.81818,2025-05-23 23:15:26,84.17818
any-inu,12000000,2.78e-06,33.36,2025-05-23 23:15:26,84.17818
axelar,140,0.364892,51.08488,2025-05-24 11:12:20,84.44488
any-inu,12000000,2.78e-06,33.36,2025-05-24 11:12:20,84.44488
axelar,140,0.356537,49.91518,2025-05-24 23:14:50,83.87518
any-inu,12000000,2.83e-06,33.96,2025-05-24 23:14:50,83.87518
axelar,140,0.346343,48.48802,2025-05-25 11:12:24,82.56801999999999
any-inu,12000000,2.84e-06,34.08,2025-05-25 11:12:24,82.56801999999999
axelar,140,0.354733,49.66262,2025-05-25 23:15:04,82.66262
any-inu,12000000,2.75e-06,33.0,2025-05-25 23:15:04,82.66262
axelar,140,0.361162,50.56268,2025-05-26 11:13:06,84.04267999999999
any-inu,12000000,2.79e-06,33.48,2025-05-26 11:13:06,84.04267999999999
axelar,140,0.350959,49.134260000000005,2025-05-26 23:14:45,81.29426000000001
any-inu,12000000,2.68e-06,32.160000000000004,2025-05-26 23:14:45,81.29426000000001
axelar,140,0.356682,49.93548,2025-05-27 11:14:11,83.05547999999999
any-inu,12000000,2.76e-06,33.12,2025-05-27 11:14:11,83.05547999999999
axelar,140,0.348182,48.74548,2025-05-27 23:15:04,83.42548
any-inu,12000000,2.89e-06,34.68,2025-05-27 23:15:04,83.42548
axelar,140,0.348083,48.73162,2025-05-28 11:14:30,82.33162
any-inu,12000000,2.8e-06,33.6,2025-05-28 11:14:30,82.33162
axelar,140,0.342296,47.92144,2025-05-28 23:15:30,79.24144
any-inu,12000000,2.61e-06,31.32,2025-05-28 23:15:30,79.24144
axelar,140,0.340196,47.62744,2025-05-29 11:14:03,81.34744
any-inu,12000000,2.81e-06,33.72,2025-05-29 11:14:03,81.34744
axelar,140,0.336438,47.10132,2025-05-29 23:15:23,78.78132000000001
any-inu,12000000,2.64e-06,31.680000000000003,2025-05-29 23:15:23,78.78132000000001
axelar,140,0.328822,46.03508,2025-05-30 11:13:30,78.31508
any-inu,12000000,2.69e-06,32.28,2025-05-30 11:13:30,78.31508
axelar,140,0.313388,43.87432,2025-05-30 23:15:28,75.91432
any-inu,12000000,2.67e-06,32.04,2025-05-30 23:15:28,75.91432
axelar,140,0.304897,42.68558,2025-05-31 11:12:28,73.52557999999999
any-inu,12000000,2.57e-06,30.84,2025-05-31 11:12:28,73.52557999999999
axelar,140,0.315907,44.22698,2025-05-31 23:15:29,73.38698
any-inu,12000000,2.43e-06,29.16,2025-05-31 23:15:29,73.38698
axelar,140,0.314337,44.00718,2025-06-01 11:12:54,73.04718
any-inu,12000000,2.42e-06,29.040000000000003,2025-06-01 11:12:54,73.04718
axelar,140,0.324736,45.46304000000001,2025-06-01 23:15:06,75.58304000000001
any-inu,12000000,2.51e-06,30.12,2025-06-01 23:15:06,75.58304000000001
axelar,140,0.32063,44.888200000000005,2025-06-02 11:14:52,74.5282
any-inu,12000000,2.47e-06,29.64,2025-06-02 11:14:52,74.5282
axelar,140,0.332934,46.61076,2025-06-02 23:15:29,76.73076
any-inu,12000000,2.51e-06,30.12,2025-06-02 23:15:29,76.73076
axelar,140,0.336038,47.04532,2025-06-03 11:14:51,77.28532
any-inu,12000000,2.52e-06,30.24,2025-06-03 11:14:51,77.28532
axelar,140,0.331777,46.44878,2025-06-03 23:15:23,75.00878
any-inu,12000000,2.38e-06,28.56,2025-06-03 23:15:23,75.00878
axelar,140,0.330368,46.25152,2025-06-04 11:14:19,75.89152
any-inu,12000000,2.47e-06,29.64,2025-06-04 11:14:19,75.89152
axelar,140,0.319243,44.69402,2025-06-04 23:15:33,74.45402
any-inu,12000000,2.48e-06,29.76,2025-06-04 23:15:33,74.45402
axelar,140,0.317688,44.47632,2025-06-05 11:18:45,74.11632
any-inu,12000000,2.47e-06,29.64,2025-06-05 11:18:45,74.11632
axelar,140,0.303875,42.5425,2025-06-05 23:21:54,67.9825
any-inu,12000000,2.12e-06,25.44,2025-06-05 23:21:54,67.9825
axelar,140,0.309497,43.32958,2025-06-06 11:14:38,68.28958
any-inu,12000000,2.08e-06,24.96,2025-06-06 11:14:38,68.28958
axelar,140,0.308722,43.22108,2025-06-06 23:15:44,69.02108
any-inu,12000000,2.15e-06,25.8,2025-06-06 23:15:44,69.02108
axelar,140,0.315492,44.16888,2025-06-07 11:12:30,70.08888
any-inu,12000000,2.16e-06,25.92,2025-06-07 11:12:30,70.08888
axelar,140,0.32495,45.493,2025-06-07 23:16:28,70.813
any-inu,12000000,2.11e-06,25.32,2025-06-07 23:16:28,70.813
axelar,140,0.324203,45.38842,2025-06-08 11:12:46,71.42842
any-inu,12000000,2.17e-06,26.04,2025-06-08 11:12:46,71.42842
axelar,140,0.322431,45.14034,2025-06-08 23:14:59,71.42034000000001
any-inu,12000000,2.19e-06,26.28,2025-06-08 23:14:59,71.42034000000001
axelar,140,0.32907,46.0698,2025-06-09 11:14:50,71.62979999999999
any-inu,12000000,2.13e-06,25.56,2025-06-09 11:14:50,71.62979999999999
axelar,140,0.335743,47.00402,2025-06-09 23:15:54,74.00402
any-inu,12000000,2.25e-06,27.0,2025-06-09 23:15:54,74.00402
axelar,140,0.546389,76.49446,2025-06-10 11:14:11,105.89446
any-inu,12000000,2.45e-06,29.4,2025-06-10 11:14:11,105.89446
axelar,140,0.502128,70.29792,2025-06-10 23:15:22,101.01792
any-inu,12000000,2.56e-06,30.72,2025-06-10 23:15:22,101.01792
axelar,140,0.487848,68.29872,2025-06-11 11:14:59,99.49872
any-inu,12000000,2.6e-06,31.200000000000003,2025-06-11 11:14:59,99.49872
axelar,140,0.479987,67.19818,2025-06-11 23:17:19,99.47818
any-inu,12000000,2.69e-06,32.28,2025-06-11 23:17:19,99.47818
axelar,140,0.473575,66.3005,2025-06-12 11:14:22,97.3805
any-inu,12000000,2.59e-06,31.08,2025-06-12 11:14:22,97.3805
axelar,140,0.441051,61.74714,2025-06-12 23:16:11,90.18714
any-inu,12000000,2.37e-06,28.44,2025-06-12 23:16:11,90.18714
axelar,140,0.418069,58.52966000000001,2025-06-13 11:14:14,83.84966
any-inu,12000000,2.11e-06,25.32,2025-06-13 11:14:14,83.84966
axelar,140,0.408789,57.23046,2025-06-13 23:16:48,83.27046
any-inu,12000000,2.17e-06,26.04,2025-06-13 23:16:48,83.27046
axelar,140,0.438592,61.40288,2025-06-14 11:12:29,87.32288
any-inu,12000000,2.16e-06,25.92,2025-06-14 11:12:29,87.32288
axelar,140,0.412635,57.7689,2025-06-14 23:16:06,82.84889999999999
any-inu,12000000,2.09e-06,25.08,2025-06-14 23:16:06,82.84889999999999
axelar,140,0.430251,60.23514,2025-06-15 11:13:00,85.31514
any-inu,12000000,2.09e-06,25.08,2025-06-15 11:13:00,85.31514
axelar,140,0.428538,59.99532,2025-06-15 23:14:57,86.75532
any-inu,12000000,2.23e-06,26.76,2025-06-15 23:14:57,86.75532
axelar,140,0.415621,58.18694,2025-06-16 11:14:53,84.82694000000001
any-inu,12000000,2.22e-06,26.64,2025-06-16 11:14:53,84.82694000000001
axelar,140,0.415491,58.16874,2025-06-16 23:15:39,84.56874
any-inu,12000000,2.2e-06,26.4,2025-06-16 23:15:39,84.56874
axelar,140,0.399507,55.93098,2025-06-17 11:14:45,82.57097999999999
any-inu,12000000,2.22e-06,26.64,2025-06-17 11:14:45,82.57097999999999
axelar,140,0.386144,54.06016,2025-06-17 23:15:54,79.26016
any-inu,12000000,2.1e-06,25.2,2025-06-17 23:15:54,79.26016
axelar,140,0.383696,53.71744,2025-06-18 11:14:46,79.27744
any-inu,12000000,2.13e-06,25.56,2025-06-18 11:14:46,79.27744
axelar,140,0.390464,54.66496,2025-06-18 23:15:51,79.26495999999999
any-inu,12000000,2.05e-06,24.6,2025-06-18 23:15:51,79.26495999999999
axelar,140,0.374881,52.483340000000005,2025-06-19 11:14:51,77.68334
any-inu,12000000,2.1e-06,25.2,2025-06-19 11:14:51,77.68334
axelar,140,0.373177,52.24478,2025-06-19 23:15:56,76.60478
any-inu,12000000,2.03e-06,24.36,2025-06-19 23:15:56,76.60478
axelar,140,0.378325,52.965500000000006,2025-06-20 11:14:31,76.9655
any-inu,12000000,2e-06,24.0,2025-06-20 11:14:31,76.9655
axelar,140,0.367756,51.48584,2025-06-20 23:16:03,74.76584
any-inu,12000000,1.94e-06,23.28,2025-06-20 23:16:03,74.76584
axelar,140,0.37136,51.9904,2025-06-21 11:13:43,75.9904
any-inu,12000000,2e-06,24.0,2025-06-21 11:13:43,75.9904
axelar,140,0.35076,49.1064,2025-06-21 23:15:21,72.2664
any-inu,12000000,1.93e-06,23.16,2025-06-21 23:15:21,72.2664
axelar,140,0.34401,48.1614,2025-06-22 11:13:15,71.6814
any-inu,12000000,1.96e-06,23.52,2025-06-22 11:13:15,71.6814
axelar,140,0.336951,47.17314,2025-06-22 23:15:17,68.89314
any-inu,12000000,1.81e-06,21.72,2025-06-22 23:15:17,68.89314
axelar,140,0.338748,47.42472,2025-06-23 11:15:19,69.26472
any-inu,12000000,1.82e-06,21.84,2025-06-23 11:15:19,69.26472
axelar,140,0.355673,49.79422,2025-06-23 23:13:04,74.27422
any-inu,12000000,2.04e-06,24.48,2025-06-23 23:13:04,74.27422
axelar,140,0.353317,49.46438,2025-06-24 11:14:58,73.94438
any-inu,12000000,2.04e-06,24.48,2025-06-24 11:14:58,73.94438
axelar,140,0.350788,49.11032,2025-06-24 23:15:54,72.75032
any-inu,12000000,1.97e-06,23.640000000000004,2025-06-24 23:15:54,72.75032
axelar,140,0.339669,47.55366,2025-06-25 11:15:03,72.51366
any-inu,12000000,2.08e-06,24.96,2025-06-25 11:15:03,72.51366
axelar,140,0.329801,46.17214,2025-06-25 23:16:00,70.05214
any-inu,12000000,1.99e-06,23.88,2025-06-25 23:16:00,70.05214
axelar,140,0.327517,45.85238,2025-06-26 11:14:37,71.05238
any-inu,12000000,2.1e-06,25.2,2025-06-26 11:14:37,71.05238
axelar,140,0.318978,44.65692,2025-06-26 23:15:56,68.29692
any-inu,12000000,1.97e-06,23.640000000000004,2025-06-26 23:15:56,68.29692
axelar,140,0.317944,44.51216,2025-06-27 11:14:39,69.35216
any-inu,12000000,2.07e-06,24.84,2025-06-27 11:14:39,69.35216
axelar,140,0.325205,45.5287,2025-06-27 23:16:18,70.4887
any-inu,12000000,2.08e-06,24.96,2025-06-27 23:16:18,70.4887
axelar,140,0.323414,45.27796,2025-06-28 11:13:26,68.67796
any-inu,12000000,1.95e-06,23.4,2025-06-28 11:13:26,68.67796
axelar,140,0.329816,46.17424,2025-06-28 23:15:42,71.13424
any-inu,12000000,2.08e-06,24.96,2025-06-28 23:15:42,71.13424
axelar,140,0.336117,47.05638,2025-06-29 11:13:18,72.01638
any-inu,12000000,2.08e-06,24.96,2025-06-29 11:13:18,72.01638
axelar,140,0.34684,48.5576,2025-06-29 23:15:27,73.9976
any-inu,12000000,2.12e-06,25.44,2025-06-29 23:15:27,73.9976
axelar,140,0.324709,45.45926,2025-06-30 11:14:52,69.21926
any-inu,12000000,1.98e-06,23.76,2025-06-30 11:14:52,69.21926
axelar,140,0.330096,46.21344,2025-06-30 23:15:44,72.13344000000001
any-inu,12000000,2.16e-06,25.92,2025-06-30 23:15:44,72.13344000000001
axelar,140,0.324017,45.36238,2025-07-01 11:14:50,70.92238
any-inu,12000000,2.13e-06,25.56,2025-07-01 11:14:50,70.92238
axelar,140,0.319027,44.66378,2025-07-01 23:15:55,69.86378
any-inu,12000000,2.1e-06,25.2,2025-07-01 23:15:55,69.86378
axelar,140,0.320167,44.82338,2025-07-02 11:15:08,70.14338000000001
any-inu,12000000,2.11e-06,25.32,2025-07-02 11:15:08,70.14338000000001
axelar,140,0.331688,46.43632,2025-07-02 23:17:02,72.47631999999999
any-inu,12000000,2.17e-06,26.04,2025-07-02 23:17:02,72.47631999999999
axelar,140,0.335058,46.90812,2025-07-03 11:14:58,71.62812000000001
any-inu,12000000,2.06e-06,24.72,2025-07-03 11:14:58,71.62812000000001
axelar,140,0.331113,46.35582,2025-07-03 23:16:05,72.39582
any-inu,12000000,2.17e-06,26.04,2025-07-03 23:16:05,72.39582
axelar,140,0.322785,45.1899,2025-07-04 11:15:34,69.4299
any-inu,12000000,2.02e-06,24.24,2025-07-04 11:15:34,69.4299
axelar,140,0.315526,44.17364,2025-07-04 23:15:38,69.61364
any-inu,12000000,2.12e-06,25.44,2025-07-04 23:15:38,69.61364
axelar,140,0.315622,44.18708,2025-07-05 11:13:07,68.06708
any-inu,12000000,1.99e-06,23.88,2025-07-05 11:13:07,68.06708
axelar,140,0.318603,44.604420000000005,2025-07-05 23:15:44,69.80442000000001
any-inu,12000000,2.1e-06,25.2,2025-07-05 23:15:44,69.80442000000001
axelar,140,0.314566,44.03924,2025-07-06 11:14:08,69.35924
any-inu,12000000,2.11e-06,25.32,2025-07-06 11:14:08,69.35924
axelar,140,0.320729,44.90206,2025-07-06 23:15:34,69.02206
any-inu,12000000,2.01e-06,24.12,2025-07-06 23:15:34,69.02206
axelar,140,0.318194,44.54716,2025-07-07 11:15:06,69.74716
any-inu,12000000,2.1e-06,25.2,2025-07-07 11:15:06,69.74716
axelar,140,0.314309,44.00326,2025-07-07 23:16:05,69.08326
any-inu,12000000,2.09e-06,25.08,2025-07-07 23:16:05,69.08326
axelar,140,0.316317,44.28438,2025-07-08 11:15:38,69.12438
any-inu,12000000,2.07e-06,24.84,2025-07-08 11:15:38,69.12438
axelar,140,0.318554,44.59756,2025-07-08 23:16:41,68.83756
any-inu,12000000,2.02e-06,24.24,2025-07-08 23:16:41,68.83756
axelar,140,0.324233,45.39262,2025-07-09 11:15:11,69.75262000000001
any-inu,12000000,2.03e-06,24.36,2025-07-09 11:15:11,69.75262000000001
axelar,140,0.341335,47.7869,2025-07-09 23:16:50,71.18690000000001
any-inu,12000000,1.95e-06,23.4,2025-07-09 23:16:50,71.18690000000001
axelar,140,0.341193,47.76702,2025-07-10 11:15:18,71.76702
any-inu,12000000,2e-06,24.0,2025-07-10 11:15:18,71.76702
axelar,140,0.355898,49.82572,2025-07-10 23:16:38,74.78572
any-inu,12000000,2.08e-06,24.96,2025-07-10 23:16:38,74.78572
axelar,140,0.371782,52.04948,2025-07-11 11:15:40,75.80948000000001
any-inu,12000000,1.98e-06,23.76,2025-07-11 11:15:40,75.80948000000001
axelar,140,0.362827,50.79578,2025-07-11 23:16:43,75.99578
any-inu,12000000,2.1e-06,25.2,2025-07-11 23:16:43,75.99578
axelar,140,0.354682,49.65548,2025-07-12 11:14:15,74.49548
any-inu,12000000,2.07e-06,24.84,2025-07-12 11:14:15,74.49548
axelar,140,0.345486,48.36804,2025-07-12 23:17:11,73.32804
any-inu,12000000,2.08e-06,24.96,2025-07-12 23:17:11,73.32804
axelar,140,0.354561,49.63854,2025-07-13 11:13:43,74.95854
any-inu,12000000,2.11e-06,25.32,2025-07-13 11:13:43,74.95854
axelar,140,0.358858,50.240120000000005,2025-07-13 23:17:39,91.64012
any-inu,12000000,3.45e-06,41.4,2025-07-13 23:17:39,91.64012
axelar,140,0.37135,51.989,2025-07-14 11:15:21,99.989
any-inu,12000000,4e-06,48.0,2025-07-14 11:15:21,99.989
axelar,140,0.351362,49.19068,2025-07-14 23:17:05,94.79068
any-inu,12000000,3.8e-06,45.6,2025-07-14 23:17:05,94.79068
axelar,140,0.346618,48.52652,2025-07-15 11:15:23,91.36652
any-inu,12000000,3.57e-06,42.84,2025-07-15 11:15:23,91.36652
axelar,140,0.361528,50.61392,2025-07-15 23:16:09,95.25392
any-inu,12000000,3.72e-06,44.64,2025-07-15 23:16:09,95.25392
axelar,140,0.364464,51.02496,2025-07-16 11:15:20,99.38496
any-inu,12000000,4.03e-06,48.36000000000001,2025-07-16 11:15:20,99.38496
axelar,140,0.369878,51.78292,2025-07-16 23:17:06,100.14292
any-inu,12000000,4.03e-06,48.36000000000001,2025-07-16 23:17:06,100.14292
axelar,140,0.369276,51.69864,2025-07-17 11:15:50,103.41864
any-inu,12000000,4.31e-06,51.720000000000006,2025-07-17 11:15:50,103.41864
axelar,140,0.372519,52.15266,2025-07-17 23:17:55,101.23266
any-inu,12000000,4.09e-06,49.08,2025-07-17 23:17:55,101.23266
axelar,140,0.391359,54.79026,2025-07-18 11:15:08,104.23026000000002
any-inu,12000000,4.12e-06,49.440000000000005,2025-07-18 11:15:08,104.23026000000002
axelar,140,0.368741,51.62374,2025-07-18 23:16:56,101.66374
any-inu,12000000,4.17e-06,50.04,2025-07-18 23:16:56,101.66374
axelar,140,0.372039,52.08546,2025-07-19 11:13:50,99.48546
any-inu,12000000,3.95e-06,47.400000000000006,2025-07-19 11:13:50,99.48546
axelar,140,0.375922,52.62908,2025-07-19 23:18:12,103.62908
any-inu,12000000,4.25e-06,51.0,2025-07-19 23:18:12,103.62908
axelar,140,0.389539,54.53546,2025-07-20 11:14:10,106.25546
any-inu,12000000,4.31e-06,51.720000000000006,2025-07-20 11:14:10,106.25546
axelar,140,0.395664,55.39296,2025-07-20 23:17:49,126.43296
any-inu,12000000,5.92e-06,71.04,2025-07-20 23:17:49,126.43296
axelar,140,0.405514,56.77196,2025-07-21 11:15:49,144.73196000000002
any-inu,12000000,7.33e-06,87.96000000000001,2025-07-21 11:15:49,144.73196000000002
axelar,140,0.399096,55.87344,2025-07-21 23:17:13,158.95344
any-inu,12000000,8.59e-06,103.08,2025-07-21 23:17:13,158.95344
axelar,140,0.385847,54.01858,2025-07-22 11:15:11,138.13858
any-inu,12000000,7.01e-06,84.12,2025-07-22 11:15:11,138.13858
axelar,140,0.40001,56.0014,2025-07-22 23:17:16,133.6414
any-inu,12000000,6.47e-06,77.64,2025-07-22 23:17:16,133.6414
axelar,140,0.388331,54.36634,2025-07-23 11:15:45,144.00634
any-inu,12000000,7.47e-06,89.64,2025-07-23 11:15:45,144.00634
axelar,140,0.366477,51.30678,2025-07-23 23:18:04,141.42678
any-inu,12000000,7.51e-06,90.12,2025-07-23 23:18:04,141.42678
axelar,140,0.389539,54.53546,2025-07-24 11:15:49,144.53546
any-inu,12000000,7.5e-06,90.0,2025-07-24 11:15:49,144.53546
axelar,140,0.392387,54.93418,2025-07-24 23:17:53,157.05418
any-inu,12000000,8.51e-06,102.12,2025-07-24 23:17:53,157.05418
axelar,140,0.424399,59.41586,2025-07-25 11:15:47,159.13586
any-inu,12000000,8.31e-06,99.72,2025-07-25 11:15:47,159.13586
axelar,140,0.429355,60.1097,2025-07-25 23:17:16,154.7897
any-inu,12000000,7.89e-06,94.68,2025-07-25 23:17:16,154.7897
axelar,140,0.419605,58.7447,2025-07-26 11:14:32,161.7047
any-inu,12000000,8.58e-06,102.96,2025-07-26 11:14:32,161.7047
axelar,140,0.41624,58.2736,2025-07-26 23:16:57,166.0336
any-inu,12000000,8.98e-06,107.76,2025-07-26 23:16:57,166.0336
axelar,140,0.413738,57.92332,2025-07-27 11:14:05,165.20332000000002
any-inu,12000000,8.94e-06,107.28000000000002,2025-07-27 11:14:05,165.20332000000002
axelar,140,0.412061,57.68854,2025-07-27 23:17:23,169.52854000000002
any-inu,12000000,9.32e-06,111.84,2025-07-27 23:17:23,169.52854000000002
axelar,140,0.403009,56.42126,2025-07-28 11:15:55,171.86126000000002
any-inu,12000000,9.62e-06,115.44,2025-07-28 11:15:55,171.86126000000002
axelar,140,0.379195,53.0873,2025-07-28 23:17:55,159.1673
any-inu,12000000,8.84e-06,106.08,2025-07-28 23:17:55,159.1673
axelar,140,0.378841,53.03774,2025-07-29 11:15:30,158.63774
any-inu,12000000,8.8e-06,105.6,2025-07-29 11:15:30,158.63774
axelar,140,0.368559,51.59826,2025-07-29 23:17:21,152.27826
any-inu,12000000,8.39e-06,100.68,2025-07-29 23:17:21,152.27826
axelar,140,0.358806,50.23284,2025-07-30 11:16:24,145.39284
any-inu,12000000,7.93e-06,95.16,2025-07-30 11:16:24,145.39284
axelar,140,0.358056,50.12784,2025-07-30 23:17:36,147.08784
any-inu,12000000,8.08e-06,96.96,2025-07-30 23:17:36,147.08784
axelar,140,0.365833,51.216620000000006,2025-07-31 11:16:02,141.21662
any-inu,12000000,7.5e-06,90.0,2025-07-31 11:16:02,141.21662
axelar,140,0.345172,48.32408,2025-07-31 23:17:24,126.44408
any-inu,12000000,6.51e-06,78.12,2025-07-31 23:17:24,126.44408
axelar,140,0.332944,46.61216,2025-08-01 11:15:49,112.49216
any-inu,12000000,5.49e-06,65.88,2025-08-01 11:15:49,112.49216
axelar,140,0.332118,46.49652,2025-08-01 23:17:22,112.25652
any-inu,12000000,5.48e-06,65.76,2025-08-01 23:17:22,112.25652
axelar,140,0.327781,45.88934,2025-08-02 11:14:39,120.04934
any-inu,12000000,6.18e-06,74.16,2025-08-02 11:14:39,120.04934
axelar,140,0.325511,45.57154,2025-08-02 23:17:42,113.73154
any-inu,12000000,5.68e-06,68.16,2025-08-02 23:17:42,113.73154
axelar,140,0.338978,47.45692,2025-08-03 11:15:18,116.45692
any-inu,12000000,5.75e-06,69.0,2025-08-03 11:15:18,116.45692
axelar,140,0.339082,47.47148,2025-08-03 23:17:32,117.07148
any-inu,12000000,5.8e-06,69.60000000000001,2025-08-03 23:17:32,117.07148
axelar,140,0.339602,47.54428,2025-08-04 11:16:39,120.38428
any-inu,12000000,6.07e-06,72.84,2025-08-04 11:16:39,120.38428
axelar,140,0.352441,49.34174,2025-08-04 23:17:41,120.62174
any-inu,12000000,5.94e-06,71.28,2025-08-04 23:17:41,120.62174
axelar,140,0.347218,48.61052,2025-08-05 11:16:36,119.29052
any-inu,12000000,5.89e-06,70.68,2025-08-05 11:16:36,119.29052
axelar,140,0.332821,46.59494,2025-08-05 23:17:34,109.71493999999998
any-inu,12000000,5.26e-06,63.12,2025-08-05 23:17:34,109.71493999999998
axelar,140,0.330225,46.2315,2025-08-06 11:16:22,112.9515
any-inu,12000000,5.56e-06,66.72,2025-08-06 11:16:22,112.9515
axelar,140,0.335699,46.99786,2025-08-06 23:18:05,112.87786
any-inu,12000000,5.49e-06,65.88,2025-08-06 23:18:05,112.87786
axelar,140,0.344678,48.25492,2025-08-07 11:16:45,118.33492
any-inu,12000000,5.84e-06,70.08,2025-08-07 11:16:45,118.33492
axelar,140,0.346875,48.5625,2025-08-07 23:17:51,123.8025
any-inu,12000000,6.27e-06,75.24,2025-08-07 23:17:51,123.8025
axelar,140,0.349184,48.88576,2025-08-08 11:15:50,119.08576
any-inu,12000000,5.85e-06,70.2,2025-08-08 11:15:50,119.08576
axelar,140,0.354021,49.56294,2025-08-08 23:16:35,125.40294
any-inu,12000000,6.32e-06,75.83999999999999,2025-08-08 23:16:35,125.40294
axelar,140,0.363918,50.94852,2025-08-09 11:14:07,125.46852
any-inu,12000000,6.21e-06,74.52,2025-08-09 11:14:07,125.46852
axelar,140,0.359092,50.27288,2025-08-09 23:16:04,132.59288
any-inu,12000000,6.86e-06,82.32000000000001,2025-08-09 23:16:04,132.59288
axelar,140,0.350341,49.047740000000005,2025-08-10 11:13:32,127.40774
any-inu,12000000,6.53e-06,78.36,2025-08-10 11:13:32,127.40774
axelar,140,0.362716,50.78024,2025-08-10 23:16:08,130.94024000000002
any-inu,12000000,6.68e-06,80.16000000000001,2025-08-10 23:16:08,130.94024000000002
axelar,140,0.358118,50.13652,2025-08-11 11:16:08,131.13652
any-inu,12000000,6.75e-06,81.0,2025-08-11 11:16:08,131.13652
axelar,140,0.341926,47.86964,2025-08-11 23:15:55,123.94964
any-inu,12000000,6.34e-06,76.08,2025-08-11 23:15:55,123.94964
axelar,140,0.334661,46.85254,2025-08-12 11:15:16,119.33254
any-inu,12000000,6.04e-06,72.48,2025-08-12 11:15:16,119.33254
axelar,140,0.361676,50.63464,2025-08-12 23:16:34,126.95464
any-inu,12000000,6.36e-06,76.32000000000001,2025-08-12 23:16:34,126.95464
axelar,140,0.372648,52.17072,2025-08-13 11:15:18,131.49072
any-inu,12000000,6.61e-06,79.32000000000001,2025-08-13 11:15:18,131.49072
axelar,140,0.371702,52.03828,2025-08-13 23:16:16,132.91827999999998
any-inu,12000000,6.74e-06,80.88,2025-08-13 23:16:16,132.91827999999998
axelar,140,0.360256,50.435840000000006,2025-08-14 11:15:10,130.83584000000002
any-inu,12000000,6.7e-06,80.4,2025-08-14 11:15:10,130.83584000000002
axelar,140,0.340338,47.64731999999999,2025-08-14 23:16:05,123.60732
any-inu,12000000,6.33e-06,75.96000000000001,2025-08-14 23:16:05,123.60732
axelar,140,0.343614,48.10596,2025-08-15 11:14:31,125.26596
any-inu,12000000,6.43e-06,77.16,2025-08-15 11:14:31,125.26596
axelar,140,0.334817,46.87438,2025-08-15 23:16:18,119.23438
any-inu,12000000,6.03e-06,72.36,2025-08-15 23:16:18,119.23438
axelar,140,0.335426,46.95964,2025-08-16 11:12:48,118.95964
any-inu,12000000,6e-06,72.0,2025-08-16 11:12:48,118.95964
axelar,140,0.340408,47.65712,2025-08-16 23:14:58,122.29712
any-inu,12000000,6.22e-06,74.64,2025-08-16 23:14:58,122.29712
axelar,140,0.342718,47.980520000000006,2025-08-17 11:13:07,123.58052
any-inu,12000000,6.3e-06,75.6,2025-08-17 11:13:07,123.58052
axelar,140,0.341628,47.82792,2025-08-17 23:15:47,120.30792
any-inu,12000000,6.04e-06,72.48,2025-08-17 23:15:47,120.30792
axelar,140,0.324294,45.40116,2025-08-18 11:15:10,114.52116
any-inu,12000000,5.76e-06,69.12,2025-08-18 11:15:10,114.52116
axelar,140,0.324287,45.40018,2025-08-18 23:15:33,113.44018
any-inu,12000000,5.67e-06,68.03999999999999,2025-08-18 23:15:33,113.44018
axelar,140,0.319571,44.73994,2025-08-19 11:13:49,112.05993999999998
any-inu,12000000,5.61e-06,67.32,2025-08-19 11:13:49,112.05993999999998
axelar,140,0.306019,42.84266,2025-08-19 23:14:56,105.84266
any-inu,12000000,5.25e-06,63.0,2025-08-19 23:14:56,105.84266
axelar,140,0.307702,43.07828,2025-08-20 11:14:02,104.75828
any-inu,12000000,5.14e-06,61.68,2025-08-20 11:14:02,104.75828
axelar,140,0.315216,44.13024,2025-08-20 23:14:55,104.25024
any-inu,12000000,5.01e-06,60.120000000000005,2025-08-20 23:14:55,104.25024
axelar,140,0.304417,42.61838,2025-08-21 11:14:34,101.65838
any-inu,12000000,4.92e-06,59.040000000000006,2025-08-21 11:14:34,101.65838
axelar,140,0.304974,42.696360000000006,2025-08-21 23:15:16,99.93636
any-inu,12000000,4.77e-06,57.24,2025-08-21 23:15:16,99.93636
axelar,140,0.302884,42.40376,2025-08-22 11:13:34,97.60376
any-inu,12000000,4.6e-06,55.2,2025-08-22 11:13:34,97.60376
axelar,140,0.332585,46.5619,2025-08-22 23:15:14,114.0019
any-inu,12000000,5.62e-06,67.44,2025-08-22 23:15:14,114.0019
axelar,140,0.325678,45.59492,2025-08-23 11:12:23,111.59492
any-inu,12000000,5.5e-06,66.0,2025-08-23 11:12:23,111.59492
axelar,140,0.3261,45.654,2025-08-23 23:14:38,112.014
any-inu,12000000,5.53e-06,66.36,2025-08-23 23:14:38,112.014
axelar,140,0.312283,43.71962,2025-08-24 11:12:27,110.31962
any-inu,12000000,5.55e-06,66.60000000000001,2025-08-24 11:12:27,110.31962
axelar,140,0.321254,44.97556,2025-08-24 23:14:43,114.45556
any-inu,12000000,5.79e-06,69.47999999999999,2025-08-24 23:14:43,114.45556
axelar,140,0.300871,42.12194,2025-08-25 11:14:26,106.80194
any-inu,12000000,5.39e-06,64.68,2025-08-25 11:14:26,106.80194
axelar,140,0.289019,40.46266000000001,2025-08-25 23:15:15,98.78266
any-inu,12000000,4.86e-06,58.32,2025-08-25 23:15:15,98.78266
axelar,140,0.296728,41.54192,2025-08-26 11:14:57,99.14192
any-inu,12000000,4.8e-06,57.6,2025-08-26 11:14:57,99.14192
axelar,140,0.311049,43.54686,2025-08-26 23:14:34,107.98686
any-inu,12000000,5.37e-06,64.44,2025-08-26 23:14:34,107.98686
axelar,140,0.311373,43.592220000000005,2025-08-27 11:13:39,107.79222
any-inu,12000000,5.35e-06,64.19999999999999,2025-08-27 11:13:39,107.79222
axelar,140,0.308158,43.14212,2025-08-27 23:14:28,106.86212
any-inu,12000000,5.31e-06,63.72,2025-08-27 23:14:28,106.86212
axelar,140,0.312527,43.75378,2025-08-28 11:13:13,108.19378
any-inu,12000000,5.37e-06,64.44,2025-08-28 11:13:13,108.19378
axelar,140,0.319315,44.7041,2025-08-28 23:14:54,108.3041
any-inu,12000000,5.3e-06,63.6,2025-08-28 23:14:54,108.3041
axelar,140,0.305377,42.75278,2025-08-29 11:13:00,96.99278
any-inu,12000000,4.52e-06,54.24,2025-08-29 11:13:00,96.99278
axelar,140,0.303835,42.5369,2025-08-29 23:14:57,98.4569
any-inu,12000000,4.66e-06,55.92,2025-08-29 23:14:57,98.4569
axelar,140,0.30827,43.1578,2025-08-30 11:11:37,97.5178
any-inu,12000000,4.53e-06,54.36,2025-08-30 11:11:37,97.5178
axelar,140,0.309167,43.28338,2025-08-30 23:14:02,109.28338
any-inu,12000000,5.5e-06,66.0,2025-08-30 23:14:02,109.28338
axelar,140,0.308549,43.19686,2025-08-31 11:11:46,110.03686
any-inu,12000000,5.57e-06,66.84,2025-08-31 11:11:46,110.03686
axelar,140,0.30687,42.9618,2025-08-31 23:14:17,110.4018
any-inu,12000000,5.62e-06,67.44,2025-08-31 23:14:17,110.4018
axelar,140,0.302002,42.28028,2025-09-01 11:13:49,104.80028
any-inu,12000000,5.21e-06,62.52,2025-09-01 11:13:49,104.80028
axelar,140,0.290915,40.7281,2025-09-01 23:14:35,103.2481
any-inu,12000000,5.21e-06,62.52,2025-09-01 23:14:35,103.2481
axelar,140,0.300733,42.10262,2025-09-02 11:13:37,98.86262
any-inu,12000000,4.73e-06,56.76,2025-09-02 11:13:37,98.86262
axelar,140,0.300566,42.07924,2025-09-02 23:13:32,102.43924
any-inu,12000000,5.03e-06,60.36,2025-09-02 23:13:32,102.43924
axelar,140,0.298935,41.8509,2025-09-03 11:13:21,98.7309
any-inu,12000000,4.74e-06,56.88,2025-09-03 11:13:21,98.7309
axelar,140,0.300874,42.12235999999999,2025-09-03 23:13:53,100.44236
any-inu,12000000,4.86e-06,58.32,2025-09-03 23:13:53,100.44236
axelar,140,0.292044,40.88616,2025-09-04 11:13:15,101.48616
any-inu,12000000,5.05e-06,60.6,2025-09-04 11:13:15,101.48616
axelar,140,0.290974,40.736360000000005,2025-09-04 23:14:19,97.49636
any-inu,12000000,4.73e-06,56.76,2025-09-04 23:14:19,97.49636
axelar,140,0.298637,41.80918,2025-09-05 11:12:34,101.80918
any-inu,12000000,5e-06,60.00000000000001,2025-09-05 11:12:34,101.80918
axelar,140,0.301556,42.21784,2025-09-05 23:14:15,99.69784
any-inu,12000000,4.79e-06,57.48,2025-09-05 23:14:15,99.69784
axelar,140,0.297672,41.67408,2025-09-06 11:11:18,95.43408
any-inu,12000000,4.48e-06,53.760000000000005,2025-09-06 11:11:18,95.43408
axelar,140,0.296086,41.45204,2025-09-06 23:13:05,94.25204
any-inu,12000000,4.4e-06,52.8,2025-09-06 23:13:05,94.25204
axelar,140,0.296527,41.51378,2025-09-07 11:11:35,98.39378
any-inu,12000000,4.74e-06,56.88,2025-09-07 11:11:35,98.39378
axelar,140,0.300447,42.06258,2025-09-07 23:13:13,95.22258
any-inu,12000000,4.43e-06,53.16,2025-09-07 23:13:13,95.22258
axelar,140,0.301787,42.25018,2025-09-08 11:13:32,100.21018
any-inu,12000000,4.83e-06,57.96,2025-09-08 11:13:32,100.21018
axelar,140,0.308676,43.21464,2025-09-08 23:15:34,103.45464
any-inu,12000000,5.02e-06,60.24,2025-09-08 23:15:34,103.45464
axelar,140,0.34139,47.7946,2025-09-09 11:14:04,105.2746
any-inu,12000000,4.79e-06,57.48,2025-09-09 11:14:04,105.2746
axelar,140,0.324414,45.41796,2025-09-09 23:13:30,106.85796
any-inu,12000000,5.12e-06,61.440000000000005,2025-09-09 23:13:30,106.85796
axelar,140,0.326347,45.68858,2025-09-10 11:12:26,103.76858
any-inu,12000000,4.84e-06,58.080000000000005,2025-09-10 11:12:26,103.76858
axelar,140,0.331522,46.41308,2025-09-10 23:13:49,109.29308
any-inu,12000000,5.24e-06,62.88,2025-09-10 23:13:49,109.29308
axelar,140,0.331766,46.44724,2025-09-11 11:12:26,105.12724
any-inu,12000000,4.89e-06,58.68,2025-09-11 11:12:26,105.12724
axelar,140,0.3262,45.668,2025-09-11 23:14:11,106.028
any-inu,12000000,5.03e-06,60.36,2025-09-11 23:14:11,106.028
axelar,140,0.327187,45.80618,2025-09-12 11:12:29,106.40618
any-inu,12000000,5.05e-06,60.6,2025-09-12 11:12:29,106.40618
axelar,140,0.334077,46.77078,2025-09-12 23:13:24,103.77078
any-inu,12000000,4.75e-06,57.0,2025-09-12 23:13:24,103.77078
axelar,140,0.338645,47.4103,2025-09-13 11:11:42,103.5703
any-inu,12000000,4.68e-06,56.16,2025-09-13 11:11:42,103.5703
axelar,140,0.33791,47.3074,2025-09-13 23:12:59,103.1074
any-inu,12000000,4.65e-06,55.8,2025-09-13 23:12:59,103.1074
axelar,140,0.33206,46.488400000000006,2025-09-14 11:11:20,102.0484
any-inu,12000000,4.63e-06,55.56,2025-09-14 11:11:20,102.0484
axelar,140,0.327459,45.84426,2025-09-14 23:13:20,98.16426
any-inu,12000000,4.36e-06,52.32,2025-09-14 23:13:20,98.16426
axelar,140,0.316806,44.35283999999999,2025-09-15 11:13:02,94.87284
any-inu,12000000,4.21e-06,50.52,2025-09-15 11:13:02,94.87284
axelar,140,0.316078,44.25092,2025-09-15 23:13:15,97.17092
any-inu,12000000,4.41e-06,52.92,2025-09-15 23:13:15,97.17092
axelar,140,0.317135,44.3989,2025-09-16 11:12:56,91.7989
any-inu,12000000,3.95e-06,47.400000000000006,2025-09-16 11:12:56,91.7989
axelar,140,0.323458,45.28412,2025-09-16 23:11:39,97.00412
any-inu,12000000,4.31e-06,51.720000000000006,2025-09-16 23:11:39,97.00412
axelar,140,0.316776,44.34864,2025-09-17 11:12:41,98.34864
any-inu,12000000,4.5e-06,54.0,2025-09-17 11:12:41,98.34864
axelar,140,0.334521,46.83294,2025-09-17 23:14:19,104.67294
any-inu,12000000,4.82e-06,57.84,2025-09-17 23:14:19,104.67294
axelar,140,0.332152,46.50128,2025-09-18 11:12:41,104.82128
any-inu,12000000,4.86e-06,58.32,2025-09-18 11:12:41,104.82128
axelar,140,0.340463,47.66482,2025-09-18 23:14:30,105.50482
any-inu,12000000,4.82e-06,57.84,2025-09-18 23:14:30,105.50482
axelar,140,0.334251,46.79514,2025-09-19 11:13:01,103.79514
any-inu,12000000,4.75e-06,57.0,2025-09-19 11:13:01,103.79514
axelar,140,0.327697,45.87758,2025-09-19 23:13:41,101.19758
any-inu,12000000,4.61e-06,55.32,2025-09-19 23:13:41,101.19758
axelar,140,0.327252,45.81528,2025-09-20 11:12:04,101.37528
any-inu,12000000,4.63e-06,55.56,2025-09-20 11:12:04,101.37528
axelar,140,0.332357,46.52998,2025-09-20 23:13:34,102.56998
any-inu,12000000,4.67e-06,56.04,2025-09-20 23:13:34,102.56998
axelar,140,0.324153,45.381420000000006,2025-09-21 11:11:30,96.02142
any-inu,12000000,4.22e-06,50.64,2025-09-21 11:11:30,96.02142
axelar,140,0.323205,45.2487,2025-09-21 23:13:35,100.6887
any-inu,12000000,4.62e-06,55.44,2025-09-21 23:13:35,100.6887
axelar,140,0.29309,41.0326,2025-09-22 11:13:56,88.6726
any-inu,12000000,3.97e-06,47.64,2025-09-22 11:13:56,88.6726
axelar,140,0.308697,43.21758,2025-09-22 23:14:07,92.89758
any-inu,12000000,4.14e-06,49.68,2025-09-22 23:14:07,92.89758
axelar,140,0.31557,44.1798,2025-09-23 11:12:53,87.2598
any-inu,12000000,3.59e-06,43.08,2025-09-23 11:12:53,87.2598
axelar,140,0.320519,44.87266,2025-09-23 23:13:44,88.91265999999999
any-inu,12000000,3.67e-06,44.04,2025-09-23 23:13:44,88.91265999999999
axelar,140,0.316461,44.30454,2025-09-24 11:13:09,84.62454
any-inu,12000000,3.36e-06,40.32,2025-09-24 11:13:09,84.62454
axelar,140,0.310787,43.51018,2025-09-24 23:14:34,85.03018
any-inu,12000000,3.46e-06,41.52,2025-09-24 23:14:34,85.03018
axelar,140,0.295027,41.30378,2025-09-25 11:14:26,78.50378
any-inu,12000000,3.1e-06,37.2,2025-09-25 11:14:26,78.50378
axelar,140,0.28723,40.2122,2025-09-25 23:14:29,75.97219999999999
any-inu,12000000,2.98e-06,35.76,2025-09-25 23:14:29,75.97219999999999
axelar,140,0.2886,40.404,2025-09-26 11:13:08,75.804
any-inu,12000000,2.95e-06,35.4,2025-09-26 11:13:08,75.804
axelar,140,0.296312,41.48368,2025-09-26 23:13:57,78.44368
any-inu,12000000,3.08e-06,36.96,2025-09-26 23:13:57,78.44368
axelar,140,0.293272,41.05808,2025-09-27 11:11:26,79.81808
any-inu,12000000,3.23e-06,38.76,2025-09-27 11:11:26,79.81808
axelar,140,0.293443,41.08202,2025-09-27 23:13:53,80.32202000000001
any-inu,12000000,3.27e-06,39.24,2025-09-27 23:13:53,80.32202000000001
axelar,140,0.285983,40.03762,2025-09-28 11:11:43,76.51762
any-inu,12000000,3.04e-06,36.48,2025-09-28 11:11:43,76.51762
axelar,140,0.295334,41.34676,2025-09-28 23:13:40,81.18675999999999
any-inu,12000000,3.32e-06,39.84,2025-09-28 23:13:40,81.18675999999999
axelar,140,0.289274,40.49836,2025-09-29 11:13:50,83.09836
any-inu,12000000,3.55e-06,42.6,2025-09-29 11:13:50,83.09836
axelar,140,0.290929,40.73006,2025-09-29 23:14:30,81.53005999999999
any-inu,12000000,3.4e-06,40.8,2025-09-29 23:14:30,81.53005999999999
axelar,140,0.282891,39.60474,2025-09-30 11:14:05,79.92474
any-inu,12000000,3.36e-06,40.32,2025-09-30 11:14:05,79.92474
axelar,140,0.284136,39.77904,2025-09-30 23:14:35,79.85904000000001
any-inu,12000000,3.34e-06,40.080000000000005,2025-09-30 23:14:35,79.85904000000001
axelar,140,0.289398,40.51572,2025-10-01 11:14:28,81.67572000000001
any-inu,12000000,3.43e-06,41.16,2025-10-01 11:14:28,81.67572000000001
axelar,140,0.291496,40.80944,2025-10-01 23:14:18,84.72944
any-inu,12000000,3.66e-06,43.92,2025-10-01 23:14:18,84.72944
axelar,140,0.294507,41.23098,2025-10-02 11:12:58,85.63098
any-inu,12000000,3.7e-06,44.4,2025-10-02 11:12:58,85.63098
axelar,140,0.298686,41.81604,2025-10-02 23:14:07,88.01604
any-inu,12000000,3.85e-06,46.2,2025-10-02 23:14:07,88.01604
axelar,140,0.292832,40.99648,2025-10-03 11:13:27,85.63648
any-inu,12000000,3.72e-06,44.64,2025-10-03 11:13:27,85.63648
axelar,140,0.31294,43.8116,2025-10-03 23:13:56,88.57159999999999
any-inu,12000000,3.73e-06,44.76,2025-10-03 23:13:56,88.57159999999999
axelar,140,0.296439,41.50146,2025-10-04 11:11:29,85.90146
any-inu,12000000,3.7e-06,44.4,2025-10-04 11:11:29,85.90146
axelar,140,0.29951,41.9314,2025-10-04 23:13:43,85.4914
any-inu,12000000,3.63e-06,43.56,2025-10-04 23:13:43,85.4914
axelar,140,0.299093,41.87302,2025-10-05 11:11:27,89.99302
any-inu,12000000,4.01e-06,48.12,2025-10-05 11:11:27,89.99302
axelar,140,0.292697,40.97758,2025-10-05 23:12:28,87.53757999999999
any-inu,12000000,3.88e-06,46.56,2025-10-05 23:12:28,87.53757999999999
axelar,140,0.303787,42.53018,2025-10-06 11:13:35,86.33018
any-inu,12000000,3.65e-06,43.8,2025-10-06 11:13:35,86.33018
axelar,140,0.320545,44.8763,2025-10-06 23:14:31,89.27629999999999
any-inu,12000000,3.7e-06,44.4,2025-10-06 23:14:31,89.27629999999999
axelar,140,0.3091,43.274,2025-10-07 11:13:28,88.754
any-inu,12000000,3.79e-06,45.48,2025-10-07 11:13:28,88.754
axelar,140,0.296713,41.53982,2025-10-07 23:14:23,86.41982
any-inu,12000000,3.74e-06,44.88,2025-10-07 23:14:23,86.41982
axelar,140,0.296177,41.464780000000005,2025-10-08 11:13:22,85.98478
any-inu,12000000,3.71e-06,44.52,2025-10-08 11:13:22,85.98478
axelar,140,0.301939,42.271460000000005,2025-10-08 23:14:18,90.27146
any-inu,12000000,4e-06,48.0,2025-10-08 23:14:18,90.27146
axelar,140,0.291356,40.78984,2025-10-09 11:13:40,83.74984
any-inu,12000000,3.58e-06,42.96,2025-10-09 11:13:40,83.74984
axelar,140,0.29171,40.839400000000005,2025-10-09 23:14:25,82.71940000000001
any-inu,12000000,3.49e-06,41.88,2025-10-09 23:14:25,82.71940000000001
axelar,140,0.293553,41.09742,2025-10-10 11:13:56,83.33742000000001
any-inu,12000000,3.52e-06,42.24,2025-10-10 11:13:56,83.33742000000001
axelar,140,0.18608,26.0512,2025-10-10 23:13:56,61.9312
any-inu,12000000,2.99e-06,35.88,2025-10-10 23:13:56,61.9312
axelar,140,0.205061,28.70854,2025-10-11 11:11:38,60.388540000000006
any-inu,12000000,2.64e-06,31.680000000000003,2025-10-11 11:11:38,60.388540000000006
axelar,140,0.194886,27.28404,2025-10-11 23:13:31,57.40404
any-inu,12000000,2.51e-06,30.12,2025-10-11 23:13:31,57.40404
axelar,140,0.203881,28.54334,2025-10-12 11:11:35,59.50334
any-inu,12000000,2.58e-06,30.96,2025-10-12 11:11:35,59.50334
axelar,140,0.227597,31.86358,2025-10-12 23:13:30,64.74358000000001
any-inu,12000000,2.74e-06,32.88,2025-10-12 23:13:30,64.74358000000001
axelar,140,0.234185,32.7859,2025-10-13 11:13:59,68.0659
any-inu,12000000,2.94e-06,35.28,2025-10-13 11:13:59,68.0659
axelar,140,0.243352,34.06928,2025-10-13 23:14:10,67.78927999999999
any-inu,12000000,2.81e-06,33.72,2025-10-13 23:14:10,67.78927999999999
axelar,140,0.222308,31.12312,2025-10-14 11:13:43,64.96312
any-inu,12000000,2.82e-06,33.84,2025-10-14 11:13:43,64.96312
axelar,140,0.231666,32.433240000000005,2025-10-14 23:14:20,67.83324
any-inu,12000000,2.95e-06,35.4,2025-10-14 23:14:20,67.83324
axelar,140,0.228073,31.93022,2025-10-15 11:13:53,66.97022
any-inu,12000000,2.92e-06,35.04,2025-10-15 11:13:53,66.97022
axelar,140,0.217697,30.47758,2025-10-15 23:14:15,64.19758
any-inu,12000000,2.81e-06,33.72,2025-10-15 23:14:15,64.19758
axelar,140,0.223924,31.34936,2025-10-16 11:13:50,63.26936
any-inu,12000000,2.66e-06,31.92,2025-10-16 11:13:50,63.26936
axelar,140,0.200386,28.05404,2025-10-16 23:14:10,59.25404
any-inu,12000000,2.6e-06,31.200000000000003,2025-10-16 23:14:10,59.25404
axelar,140,0.185691,25.99674,2025-10-17 11:13:36,55.03674
any-inu,12000000,2.42e-06,29.040000000000003,2025-10-17 11:13:36,55.03674
axelar,140,0.192668,26.97352,2025-10-17 23:14:01,59.13352
any-inu,12000000,2.68e-06,32.160000000000004,2025-10-17 23:14:01,59.13352
axelar,140,0.219993,30.79902,2025-10-18 11:12:13,61.15902
any-inu,12000000,2.53e-06,30.36,2025-10-18 11:12:13,61.15902
axelar,140,0.202445,28.3423,2025-10-18 23:14:09,58.1023
any-inu,12000000,2.48e-06,29.76,2025-10-18 23:14:09,58.1023
axelar,140,0.205195,28.7273,2025-10-19 11:11:46,58.9673
any-inu,12000000,2.52e-06,30.24,2025-10-19 11:11:46,58.9673
axelar,140,0.208987,29.25818,2025-10-19 23:14:15,60.45818
any-inu,12000000,2.6e-06,31.200000000000003,2025-10-19 23:14:15,60.45818
axelar,140,0.206708,28.93912,2025-10-20 11:14:13,62.29912
any-inu,12000000,2.78e-06,33.36,2025-10-20 11:14:13,62.29912
axelar,140,0.204036,28.56504,2025-10-20 23:14:40,61.20504
any-inu,12000000,2.72e-06,32.64,2025-10-20 23:14:40,61.20504
axelar,140,0.202856,28.39984,2025-10-21 11:13:57,60.19984
any-inu,12000000,2.65e-06,31.8,2025-10-21 11:13:57,60.19984
axelar,140,0.20012,28.0168,2025-10-21 23:15:47,60.5368
any-inu,12000000,2.71e-06,32.52,2025-10-21 23:15:47,60.5368
axelar,140,0.188878,26.44292,2025-10-22 11:14:45,55.96292
any-inu,12000000,2.46e-06,29.520000000000003,2025-10-22 11:14:45,55.96292
axelar,140,0.18145,25.403,2025-10-22 23:13:46,56.243
any-inu,12000000,2.57e-06,30.84,2025-10-22 23:13:46,56.243
axelar,140,0.188287,26.36018,2025-10-23 11:14:21,58.40018
any-inu,12000000,2.67e-06,32.04,2025-10-23 11:14:21,58.40018
axelar,140,0.188896,26.44544,2025-10-23 23:14:28,58.36544
any-inu,12000000,2.66e-06,31.92,2025-10-23 23:14:28,58.36544
axelar,140,0.188319,26.36466,2025-10-24 11:14:22,59.36466
any-inu,12000000,2.75e-06,33.0,2025-10-24 11:14:22,59.36466
axelar,140,0.192115,26.8961,2025-10-24 23:14:48,59.8961
any-inu,12000000,2.75e-06,33.0,2025-10-24 23:14:48,59.8961
axelar,140,0.187033,26.18462,2025-10-25 11:12:16,58.94462
any-inu,12000000,2.73e-06,32.76,2025-10-25 11:12:16,58.94462
axelar,140,0.188971,26.45594,2025-10-25 23:14:10,57.05594
any-inu,12000000,2.55e-06,30.6,2025-10-25 23:14:10,57.05594
axelar,140,0.190017,26.60238,2025-10-26 11:12:08,59.72238
any-inu,12000000,2.76e-06,33.12,2025-10-26 11:12:08,59.72238
axelar,140,0.193912,27.14768,2025-10-26 23:14:48,58.46768
any-inu,12000000,2.61e-06,31.32,2025-10-26 23:14:48,58.46768
axelar,140,0.19508,27.3112,2025-10-27 11:14:45,61.2712
any-inu,12000000,2.83e-06,33.96,2025-10-27 11:14:45,61.2712
axelar,140,0.192762,26.98668,2025-10-27 23:14:48,59.86668
any-inu,12000000,2.74e-06,32.88,2025-10-27 23:14:48,59.86668
axelar,140,0.185602,25.98428,2025-10-28 11:13:47,58.86428
any-inu,12000000,2.74e-06,32.88,2025-10-28 11:13:47,58.86428
axelar,140,0.178344,24.96816,2025-10-28 23:15:08,56.76816
any-inu,12000000,2.65e-06,31.8,2025-10-28 23:15:08,56.76816
axelar,140,0.181654,25.43156,2025-10-29 11:14:35,54.95156
any-inu,12000000,2.46e-06,29.520000000000003,2025-10-29 11:14:35,54.95156
axelar,140,0.183756,25.72584,2025-10-29 23:15:25,55.00584
any-inu,12000000,2.44e-06,29.28,2025-10-29 23:15:25,55.00584
axelar,140,0.17306,24.2284,2025-10-30 11:14:14,54.3484
any-inu,12000000,2.51e-06,30.12,2025-10-30 11:14:14,54.3484
axelar,140,0.163113,22.83582,2025-10-30 23:15:00,49.35582
any-inu,12000000,2.21e-06,26.52,2025-10-30 23:15:00,49.35582
axelar,140,0.16651,23.3114,2025-10-31 11:13:48,48.5114
any-inu,12000000,2.1e-06,25.2,2025-10-31 11:13:48,48.5114
axelar,140,0.165371,23.15194,2025-10-31 23:15:09,50.39194
any-inu,12000000,2.27e-06,27.24,2025-10-31 23:15:09,50.39194
axelar,140,0.174382,24.41348,2025-11-01 11:12:02,51.65348
any-inu,12000000,2.27e-06,27.24,2025-11-01 11:12:02,51.65348
axelar,140,0.180416,25.25824,2025-11-01 23:14:38,52.85824
any-inu,12000000,2.3e-06,27.6,2025-11-01 23:14:38,52.85824
axelar,140,0.187707,26.27898,2025-11-02 11:12:04,51.83898
any-inu,12000000,2.13e-06,25.56,2025-11-02 11:12:04,51.83898
axelar,140,0.181049,25.34686,2025-11-02 23:14:20,51.62686
any-inu,12000000,2.19e-06,26.28,2025-11-02 23:14:20,51.62686
axelar,140,0.16351,22.8914,2025-11-03 11:14:25,46.8914
any-inu,12000000,2e-06,24.0,2025-11-03 11:14:25,46.8914
axelar,140,0.157133,21.99862,2025-11-03 23:14:52,46.95862
any-inu,12000000,2.08e-06,24.96,2025-11-03 23:14:52,46.95862
axelar,140,0.157732,22.08248,2025-11-04 11:14:58,45.72248
any-inu,12000000,1.97e-06,23.640000000000004,2025-11-04 11:14:58,45.72248
axelar,140,0.153035,21.4249,2025-11-04 23:15:24,42.6649
any-inu,12000000,1.77e-06,21.24,2025-11-04 23:15:24,42.6649
axelar,140,0.152997,21.41958,2025-11-05 11:15:10,42.299580000000006
any-inu,12000000,1.74e-06,20.880000000000003,2025-11-05 11:15:10,42.299580000000006
axelar,140,0.159265,22.2971,2025-11-05 23:15:49,45.9371
any-inu,12000000,1.97e-06,23.640000000000004,2025-11-05 23:15:49,45.9371
axelar,140,0.153197,21.44758,2025-11-06 11:15:13,43.28758
any-inu,12000000,1.82e-06,21.84,2025-11-06 11:15:13,43.28758
axelar,140,0.153022,21.42308,2025-11-06 23:15:19,43.14308
any-inu,12000000,1.81e-06,21.72,2025-11-06 23:15:19,43.14308
axelar,140,0.157516,22.05224,2025-11-07 11:13:56,44.85224
any-inu,12000000,1.9e-06,22.8,2025-11-07 11:13:56,44.85224
axelar,140,0.185683,25.99562,2025-11-07 23:14:35,48.91562
any-inu,12000000,1.91e-06,22.92,2025-11-07 23:14:35,48.91562
axelar,140,0.173707,24.31898,2025-11-08 11:12:11,48.79898
any-inu,12000000,2.04e-06,24.48,2025-11-08 11:12:11,48.79898
axelar,140,0.173365,24.2711,2025-11-08 23:14:18,47.19109999999999
any-inu,12000000,1.91e-06,22.92,2025-11-08 23:14:18,47.19109999999999
axelar,140,0.168462,23.58468,2025-11-09 11:12:04,46.50467999999999
any-inu,12000000,1.91e-06,22.92,2025-11-09 11:12:04,46.50467999999999
axelar,140,0.172291,24.12074,2025-11-09 23:14:33,47.64074
any-inu,12000000,1.96e-06,23.52,2025-11-09 23:14:33,47.64074
axelar,140,0.172686,24.17604,2025-11-10 11:15:07,49.25604
any-inu,12000000,2.09e-06,25.08,2025-11-10 11:15:07,49.25604
axelar,140,0.17247,24.1458,2025-11-10 23:15:47,49.4658
any-inu,12000000,2.11e-06,25.32,2025-11-10 23:15:47,49.4658
axelar,140,0.167697,23.477580000000003,2025-11-11 11:15:03,48.677580000000006
any-inu,12000000,2.1e-06,25.2,2025-11-11 11:15:03,48.677580000000006
